timestamp,kwh
2026-01-01 00:00:00,38.968
2026-01-01 01:00:00,37.803
2026-01-01 02:00:00,39.406
2026-01-01 03:00:00,41.325
2026-01-01 04:00:00,38.416
2026-01-01 05:00:00,39.277
2026-01-01 06:00:00,44.469
2026-01-01 07:00:00,45.132
2026-01-01 08:00:00,45.468
2026-01-01 09:00:00,53.797
2026-01-01 10:00:00,57.187
2026-01-01 11:00:00,62.475
2026-01-01 12:00:00,68.464
2026-01-01 13:00:00,63.57
2026-01-01 14:00:00,63.556
2026-01-01 15:00:00,64.264
2026-01-01 16:00:00,58.619
2026-01-01 17:00:00,56.809
2026-01-01 18:00:00,48.447
2026-01-01 19:00:00,42.465
2026-01-01 20:00:00,44.234
2026-01-01 21:00:00,39.294
2026-01-01 22:00:00,39.002
2026-01-01 23:00:00,35.665
2026-01-02 00:00:00,36.989
2026-01-02 01:00:00,38.278
2026-01-02 02:00:00,35.973
2026-01-02 03:00:00,39.122
2026-01-02 04:00:00,37.703
2026-01-02 05:00:00,39.163
2026-01-02 06:00:00,39.974
2026-01-02 07:00:00,47.489
2026-01-02 08:00:00,46.529
2026-01-02 09:00:00,49.768
2026-01-02 10:00:00,60.688
2026-01-02 11:00:00,60.278
2026-01-02 12:00:00,68.363
2026-01-02 13:00:00,63.427
2026-01-02 14:00:00,64.762
2026-01-02 15:00:00,66.472
2026-01-02 16:00:00,63.387
2026-01-02 17:00:00,56.449
2026-01-02 18:00:00,50.291
2026-01-02 19:00:00,44.88
2026-01-02 20:00:00,38.167
2026-01-02 21:00:00,38.312
2026-01-02 22:00:00,37.975
2026-01-02 23:00:00,40.431
2026-01-03 00:00:00,25.14
2026-01-03 01:00:00,22.562
2026-01-03 02:00:00,25.213
2026-01-03 03:00:00,24.48
2026-01-03 04:00:00,24.411
2026-01-03 05:00:00,26.623
2026-01-03 06:00:00,28.17
2026-01-03 07:00:00,29.567
2026-01-03 08:00:00,28.994
2026-01-03 09:00:00,34.299
2026-01-03 10:00:00,39.978
2026-01-03 11:00:00,45.313
2026-01-03 12:00:00,45.501
2026-01-03 13:00:00,47.492
2026-01-03 14:00:00,45.334
2026-01-03 15:00:00,43.278
2026-01-03 16:00:00,43.758
2026-01-03 17:00:00,40.611
2026-01-03 18:00:00,34.155
2026-01-03 19:00:00,31.74
2026-01-03 20:00:00,27.274
2026-01-03 21:00:00,24.999
2026-01-03 22:00:00,25.722
2026-01-03 23:00:00,26.88
2026-01-04 00:00:00,24.671
2026-01-04 01:00:00,26.679
2026-01-04 02:00:00,21.561
2026-01-04 03:00:00,25.986
2026-01-04 04:00:00,25.376
2026-01-04 05:00:00,25.446
2026-01-04 06:00:00,26.912
2026-01-04 07:00:00,25.444
2026-01-04 08:00:00,29.932
2026-01-04 09:00:00,35.389
2026-01-04 10:00:00,42.007
2026-01-04 11:00:00,42.489
2026-01-04 12:00:00,44.851
2026-01-04 13:00:00,46.858
2026-01-04 14:00:00,49.329
2026-01-04 15:00:00,46.161
2026-01-04 16:00:00,41.382
2026-01-04 17:00:00,39.231
2026-01-04 18:00:00,34.411
2026-01-04 19:00:00,31.69
2026-01-04 20:00:00,25.849
2026-01-04 21:00:00,25.409
2026-01-04 22:00:00,24.771
2026-01-04 23:00:00,23.134
2026-01-05 00:00:00,38.587
2026-01-05 01:00:00,38.563
2026-01-05 02:00:00,38.18
2026-01-05 03:00:00,37.95
2026-01-05 04:00:00,36.12
2026-01-05 05:00:00,38.907
2026-01-05 06:00:00,40.508
2026-01-05 07:00:00,41.721
2026-01-05 08:00:00,46.185
2026-01-05 09:00:00,53.449
2026-01-05 10:00:00,63.584
2026-01-05 11:00:00,64.337
2026-01-05 12:00:00,68.511
2026-01-05 13:00:00,69.248
2026-01-05 14:00:00,62.967
2026-01-05 15:00:00,65.823
2026-01-05 16:00:00,61.541
2026-01-05 17:00:00,62.22
2026-01-05 18:00:00,50.113
2026-01-05 19:00:00,46.19
2026-01-05 20:00:00,41.143
2026-01-05 21:00:00,37.42
2026-01-05 22:00:00,41.092
2026-01-05 23:00:00,39.845
2026-01-06 00:00:00,39.528
2026-01-06 01:00:00,36.336
2026-01-06 02:00:00,40.847
2026-01-06 03:00:00,35.709
2026-01-06 04:00:00,40.011
2026-01-06 05:00:00,44.095
2026-01-06 06:00:00,39.173
2026-01-06 07:00:00,42.233
2026-01-06 08:00:00,46.793
2026-01-06 09:00:00,51.163
2026-01-06 10:00:00,54.227
2026-01-06 11:00:00,64.029
2026-01-06 12:00:00,64.499
2026-01-06 13:00:00,70.94
2026-01-06 14:00:00,66.005
2026-01-06 15:00:00,70.408
2026-01-06 16:00:00,59.244
2026-01-06 17:00:00,55.207
2026-01-06 18:00:00,52.455
2026-01-06 19:00:00,42.86
2026-01-06 20:00:00,41.683
2026-01-06 21:00:00,42.34
2026-01-06 22:00:00,35.746
2026-01-06 23:00:00,38.755
2026-01-07 00:00:00,38.518
2026-01-07 01:00:00,39.555
2026-01-07 02:00:00,35.809
2026-01-07 03:00:00,35.866
2026-01-07 04:00:00,39.885
2026-01-07 05:00:00,40.333
2026-01-07 06:00:00,41.73
2026-01-07 07:00:00,44.217
2026-01-07 08:00:00,44.978
2026-01-07 09:00:00,53.016
2026-01-07 10:00:00,59.246
2026-01-07 11:00:00,61.752
2026-01-07 12:00:00,73.4
2026-01-07 13:00:00,70.94
2026-01-07 14:00:00,65.179
2026-01-07 15:00:00,67.81
2026-01-07 16:00:00,58.723
2026-01-07 17:00:00,57.999
2026-01-07 18:00:00,53.258
2026-01-07 19:00:00,43.751
2026-01-07 20:00:00,43.199
2026-01-07 21:00:00,40.563
2026-01-07 22:00:00,40.468
2026-01-07 23:00:00,42.043
2026-01-08 00:00:00,37.557
2026-01-08 01:00:00,36.632
2026-01-08 02:00:00,36.472
2026-01-08 03:00:00,36.835
2026-01-08 04:00:00,38.721
2026-01-08 05:00:00,40.42
2026-01-08 06:00:00,41.784
2026-01-08 07:00:00,45.262
2026-01-08 08:00:00,46.591
2026-01-08 09:00:00,56.091
2026-01-08 10:00:00,57.728
2026-01-08 11:00:00,71.741
2026-01-08 12:00:00,69.63
2026-01-08 13:00:00,66.831
2026-01-08 14:00:00,65.545
2026-01-08 15:00:00,67.303
2026-01-08 16:00:00,60.768
2026-01-08 17:00:00,57.815
2026-01-08 18:00:00,51.662
2026-01-08 19:00:00,45.376
2026-01-08 20:00:00,39.469
2026-01-08 21:00:00,36.732
2026-01-08 22:00:00,38.003
2026-01-08 23:00:00,40.045
2026-01-09 00:00:00,38.431
2026-01-09 01:00:00,35.695
2026-01-09 02:00:00,38.501
2026-01-09 03:00:00,39.141
2026-01-09 04:00:00,37.153
2026-01-09 05:00:00,40.048
2026-01-09 06:00:00,41.334
2026-01-09 07:00:00,40.98
2026-01-09 08:00:00,47.394
2026-01-09 09:00:00,53.843
2026-01-09 10:00:00,61.397
2026-01-09 11:00:00,66.894
2026-01-09 12:00:00,63.54
2026-01-09 13:00:00,66.582
2026-01-09 14:00:00,70.366
2026-01-09 15:00:00,67.394
2026-01-09 16:00:00,62.779
2026-01-09 17:00:00,65.719
2026-01-09 18:00:00,51.89
2026-01-09 19:00:00,48.002
2026-01-09 20:00:00,43.18
2026-01-09 21:00:00,41.037
2026-01-09 22:00:00,38.258
2026-01-09 23:00:00,39.858
2026-01-10 00:00:00,23.761
2026-01-10 01:00:00,24.45
2026-01-10 02:00:00,24.208
2026-01-10 03:00:00,25.063
2026-01-10 04:00:00,28.19
2026-01-10 05:00:00,23.421
2026-01-10 06:00:00,27.708
2026-01-10 07:00:00,25.974
2026-01-10 08:00:00,29.55
2026-01-10 09:00:00,36.587
2026-01-10 10:00:00,39.505
2026-01-10 11:00:00,41.431
2026-01-10 12:00:00,45.035
2026-01-10 13:00:00,49.229
2026-01-10 14:00:00,46.077
2026-01-10 15:00:00,45.949
2026-01-10 16:00:00,42.4
2026-01-10 17:00:00,37.325
2026-01-10 18:00:00,37.509
2026-01-10 19:00:00,31.218
2026-01-10 20:00:00,24.077
2026-01-10 21:00:00,26.073
2026-01-10 22:00:00,24.43
2026-01-10 23:00:00,26.024
2026-01-11 00:00:00,23.736
2026-01-11 01:00:00,24.601
2026-01-11 02:00:00,25.437
2026-01-11 03:00:00,26.041
2026-01-11 04:00:00,23.75
2026-01-11 05:00:00,25.401
2026-01-11 06:00:00,26.153
2026-01-11 07:00:00,27.329
2026-01-11 08:00:00,32.936
2026-01-11 09:00:00,35.468
2026-01-11 10:00:00,37.16
2026-01-11 11:00:00,45.204
2026-01-11 12:00:00,50.642
2026-01-11 13:00:00,49.937
2026-01-11 14:00:00,44.518
2026-01-11 15:00:00,44.624
2026-01-11 16:00:00,44.562
2026-01-11 17:00:00,37.233
2026-01-11 18:00:00,34.936
2026-01-11 19:00:00,31.416
2026-01-11 20:00:00,25.548
2026-01-11 21:00:00,25.756
2026-01-11 22:00:00,21.171
2026-01-11 23:00:00,23.682
2026-01-12 00:00:00,37.544
2026-01-12 01:00:00,35.692
2026-01-12 02:00:00,41.286
2026-01-12 03:00:00,35.655
2026-01-12 04:00:00,38.015
2026-01-12 05:00:00,40.002
2026-01-12 06:00:00,44.184
2026-01-12 07:00:00,40.344
2026-01-12 08:00:00,49.269
2026-01-12 09:00:00,52.457
2026-01-12 10:00:00,55.776
2026-01-12 11:00:00,65.173
2026-01-12 12:00:00,68.333
2026-01-12 13:00:00,67.624
2026-01-12 14:00:00,69.012
2026-01-12 15:00:00,64.779
2026-01-12 16:00:00,61.686
2026-01-12 17:00:00,57.685
2026-01-12 18:00:00,54.253
2026-01-12 19:00:00,42.845
2026-01-12 20:00:00,45.61
2026-01-12 21:00:00,35.863
2026-01-12 22:00:00,38.576
2026-01-12 23:00:00,39.53
2026-01-13 00:00:00,38.558
2026-01-13 01:00:00,36.881
2026-01-13 02:00:00,37.773
2026-01-13 03:00:00,37.454
2026-01-13 04:00:00,37.725
2026-01-13 05:00:00,41.431
2026-01-13 06:00:00,41.95
2026-01-13 07:00:00,41.958
2026-01-13 08:00:00,48.655
2026-01-13 09:00:00,53.205
2026-01-13 10:00:00,60.661
2026-01-13 11:00:00,65.661
2026-01-13 12:00:00,65.208
2026-01-13 13:00:00,67.748
2026-01-13 14:00:00,71.072
2026-01-13 15:00:00,67.675
2026-01-13 16:00:00,61.32
2026-01-13 17:00:00,56.313
2026-01-13 18:00:00,53.535
2026-01-13 19:00:00,44.249
2026-01-13 20:00:00,42.342
2026-01-13 21:00:00,39.341
2026-01-13 22:00:00,38.448
2026-01-13 23:00:00,40.511
2026-01-14 00:00:00,39.593
2026-01-14 01:00:00,39.615
2026-01-14 02:00:00,40.662
2026-01-14 03:00:00,38.441
2026-01-14 04:00:00,40.196
2026-01-14 05:00:00,39.126
2026-01-14 06:00:00,41.882
2026-01-14 07:00:00,43.181
2026-01-14 08:00:00,46.786
2026-01-14 09:00:00,53.93
2026-01-14 10:00:00,56.221
2026-01-14 11:00:00,69.915
2026-01-14 12:00:00,64.67
2026-01-14 13:00:00,65.729
2026-01-14 14:00:00,72.321
2026-01-14 15:00:00,68.202
2026-01-14 16:00:00,63.076
2026-01-14 17:00:00,57.6
2026-01-14 18:00:00,50.532
2026-01-14 19:00:00,43.585
2026-01-14 20:00:00,41.37
2026-01-14 21:00:00,38.397
2026-01-14 22:00:00,40.766
2026-01-14 23:00:00,38.119
2026-01-15 00:00:00,36.455
2026-01-15 01:00:00,37.455
2026-01-15 02:00:00,38.958
2026-01-15 03:00:00,37.319
2026-01-15 04:00:00,37.273
2026-01-15 05:00:00,40.227
2026-01-15 06:00:00,41.719
2026-01-15 07:00:00,42.362
2026-01-15 08:00:00,45.464
2026-01-15 09:00:00,53.016
2026-01-15 10:00:00,54.506
2026-01-15 11:00:00,59.736
2026-01-15 12:00:00,65.544
2026-01-15 13:00:00,68.818
2026-01-15 14:00:00,69.745
2026-01-15 15:00:00,70.191
2026-01-15 16:00:00,63.712
2026-01-15 17:00:00,55.615
2026-01-15 18:00:00,50.516
2026-01-15 19:00:00,43.356
2026-01-15 20:00:00,41.176
2026-01-15 21:00:00,39.169
2026-01-15 22:00:00,39.498
2026-01-15 23:00:00,36.813
2026-01-16 00:00:00,39.011
2026-01-16 01:00:00,40.984
2026-01-16 02:00:00,37.963
2026-01-16 03:00:00,39.172
2026-01-16 04:00:00,40.212
2026-01-16 05:00:00,38.945
2026-01-16 06:00:00,41.676
2026-01-16 07:00:00,43.491
2026-01-16 08:00:00,46.788
2026-01-16 09:00:00,50.485
2026-01-16 10:00:00,58.515
2026-01-16 11:00:00,65.278
2026-01-16 12:00:00,72.14
2026-01-16 13:00:00,72.439
2026-01-16 14:00:00,75.346
2026-01-16 15:00:00,63.668
2026-01-16 16:00:00,63.752
2026-01-16 17:00:00,56.479
2026-01-16 18:00:00,55.659
2026-01-16 19:00:00,43.778
2026-01-16 20:00:00,39.484
2026-01-16 21:00:00,38.551
2026-01-16 22:00:00,34.743
2026-01-16 23:00:00,37.391
2026-01-17 00:00:00,23.777
2026-01-17 01:00:00,24.929
2026-01-17 02:00:00,25.235
2026-01-17 03:00:00,27.302
2026-01-17 04:00:00,26.467
2026-01-17 05:00:00,25.087
2026-01-17 06:00:00,25.586
2026-01-17 07:00:00,28.947
2026-01-17 08:00:00,28.267
2026-01-17 09:00:00,37.803
2026-01-17 10:00:00,41.479
2026-01-17 11:00:00,42.582
2026-01-17 12:00:00,43.063
2026-01-17 13:00:00,50.582
2026-01-17 14:00:00,47.294
2026-01-17 15:00:00,47.88
2026-01-17 16:00:00,39.498
2026-01-17 17:00:00,37.41
2026-01-17 18:00:00,34.272
2026-01-17 19:00:00,30.389
2026-01-17 20:00:00,26.186
2026-01-17 21:00:00,26.637
2026-01-17 22:00:00,23.917
2026-01-17 23:00:00,24.783
2026-01-18 00:00:00,24.864
2026-01-18 01:00:00,25.38
2026-01-18 02:00:00,25.693
2026-01-18 03:00:00,23.557
2026-01-18 04:00:00,23.328
2026-01-18 05:00:00,27.483
2026-01-18 06:00:00,27.234
2026-01-18 07:00:00,27.194
2026-01-18 08:00:00,32.612
2026-01-18 09:00:00,34.994
2026-01-18 10:00:00,41.478
2026-01-18 11:00:00,43.597
2026-01-18 12:00:00,50.52
2026-01-18 13:00:00,51.388
2026-01-18 14:00:00,47.028
2026-01-18 15:00:00,47.376
2026-01-18 16:00:00,43.462
2026-01-18 17:00:00,40.631
2026-01-18 18:00:00,32.804
2026-01-18 19:00:00,31.291
2026-01-18 20:00:00,28.207
2026-01-18 21:00:00,23.561
2026-01-18 22:00:00,23.771
2026-01-18 23:00:00,22.416
2026-01-19 00:00:00,37.512
2026-01-19 01:00:00,39.432
2026-01-19 02:00:00,41.037
2026-01-19 03:00:00,38.543
2026-01-19 04:00:00,42.036
2026-01-19 05:00:00,37.0
2026-01-19 06:00:00,37.704
2026-01-19 07:00:00,43.343
2026-01-19 08:00:00,47.455
2026-01-19 09:00:00,52.349
2026-01-19 10:00:00,52.82
2026-01-19 11:00:00,63.57
2026-01-19 12:00:00,63.763
2026-01-19 13:00:00,71.545
2026-01-19 14:00:00,69.915
2026-01-19 15:00:00,63.166
2026-01-19 16:00:00,59.978
2026-01-19 17:00:00,53.35
2026-01-19 18:00:00,50.415
2026-01-19 19:00:00,47.61
2026-01-19 20:00:00,39.183
2026-01-19 21:00:00,40.744
2026-01-19 22:00:00,37.84
2026-01-19 23:00:00,36.879
2026-01-20 00:00:00,37.82
2026-01-20 01:00:00,36.096
2026-01-20 02:00:00,37.113
2026-01-20 03:00:00,36.101
2026-01-20 04:00:00,42.689
2026-01-20 05:00:00,39.813
2026-01-20 06:00:00,39.772
2026-01-20 07:00:00,43.929
2026-01-20 08:00:00,46.299
2026-01-20 09:00:00,51.875
2026-01-20 10:00:00,60.121
2026-01-20 11:00:00,66.033
2026-01-20 12:00:00,66.116
2026-01-20 13:00:00,67.7
2026-01-20 14:00:00,67.964
2026-01-20 15:00:00,59.204
2026-01-20 16:00:00,57.252
2026-01-20 17:00:00,59.459
2026-01-20 18:00:00,54.39
2026-01-20 19:00:00,44.993
2026-01-20 20:00:00,42.402
2026-01-20 21:00:00,40.361
2026-01-20 22:00:00,44.855
2026-01-20 23:00:00,40.551
2026-01-21 00:00:00,37.781
2026-01-21 01:00:00,36.248
2026-01-21 02:00:00,35.104
2026-01-21 03:00:00,38.792
2026-01-21 04:00:00,37.401
2026-01-21 05:00:00,36.916
2026-01-21 06:00:00,39.882
2026-01-21 07:00:00,41.114
2026-01-21 08:00:00,50.488
2026-01-21 09:00:00,54.651
2026-01-21 10:00:00,58.427
2026-01-21 11:00:00,68.134
2026-01-21 12:00:00,67.964
2026-01-21 13:00:00,66.818
2026-01-21 14:00:00,73.43
2026-01-21 15:00:00,67.467
2026-01-21 16:00:00,58.553
2026-01-21 17:00:00,55.538
2026-01-21 18:00:00,48.522
2026-01-21 19:00:00,42.53
2026-01-21 20:00:00,43.123
2026-01-21 21:00:00,43.537
2026-01-21 22:00:00,36.152
2026-01-21 23:00:00,39.482
2026-01-22 00:00:00,36.787
2026-01-22 01:00:00,37.139
2026-01-22 02:00:00,37.04
2026-01-22 03:00:00,36.742
2026-01-22 04:00:00,38.965
2026-01-22 05:00:00,38.091
2026-01-22 06:00:00,41.772
2026-01-22 07:00:00,43.355
2026-01-22 08:00:00,46.004
2026-01-22 09:00:00,50.146
2026-01-22 10:00:00,56.878
2026-01-22 11:00:00,66.026
2026-01-22 12:00:00,69.251
2026-01-22 13:00:00,66.459
2026-01-22 14:00:00,69.102
2026-01-22 15:00:00,68.085
2026-01-22 16:00:00,56.832
2026-01-22 17:00:00,57.386
2026-01-22 18:00:00,49.018
2026-01-22 19:00:00,46.775
2026-01-22 20:00:00,39.641
2026-01-22 21:00:00,36.156
2026-01-22 22:00:00,35.707
2026-01-22 23:00:00,38.493
2026-01-23 00:00:00,38.518
2026-01-23 01:00:00,36.345
2026-01-23 02:00:00,39.389
2026-01-23 03:00:00,35.211
2026-01-23 04:00:00,38.742
2026-01-23 05:00:00,37.336
2026-01-23 06:00:00,39.871
2026-01-23 07:00:00,43.567
2026-01-23 08:00:00,44.558
2026-01-23 09:00:00,51.463
2026-01-23 10:00:00,61.188
2026-01-23 11:00:00,62.151
2026-01-23 12:00:00,70.269
2026-01-23 13:00:00,65.989
2026-01-23 14:00:00,70.411
2026-01-23 15:00:00,70.093
2026-01-23 16:00:00,54.648
2026-01-23 17:00:00,54.011
2026-01-23 18:00:00,51.904
2026-01-23 19:00:00,45.093
2026-01-23 20:00:00,41.979
2026-01-23 21:00:00,38.542
2026-01-23 22:00:00,39.039
2026-01-23 23:00:00,38.102
2026-01-24 00:00:00,26.159
2026-01-24 01:00:00,25.058
2026-01-24 02:00:00,25.229
2026-01-24 03:00:00,24.447
2026-01-24 04:00:00,24.65
2026-01-24 05:00:00,25.274
2026-01-24 06:00:00,27.318
2026-01-24 07:00:00,27.657
2026-01-24 08:00:00,30.703
2026-01-24 09:00:00,38.202
2026-01-24 10:00:00,40.933
2026-01-24 11:00:00,42.853
2026-01-24 12:00:00,48.822
2026-01-24 13:00:00,47.046
2026-01-24 14:00:00,43.493
2026-01-24 15:00:00,43.634
2026-01-24 16:00:00,39.009
2026-01-24 17:00:00,37.816
2026-01-24 18:00:00,34.292
2026-01-24 19:00:00,32.69
2026-01-24 20:00:00,27.227
2026-01-24 21:00:00,25.55
2026-01-24 22:00:00,26.314
2026-01-24 23:00:00,22.201
2026-01-25 00:00:00,25.007
2026-01-25 01:00:00,25.697
2026-01-25 02:00:00,22.976
2026-01-25 03:00:00,26.388
2026-01-25 04:00:00,25.694
2026-01-25 05:00:00,25.296
2026-01-25 06:00:00,27.637
2026-01-25 07:00:00,31.459
2026-01-25 08:00:00,30.54
2026-01-25 09:00:00,35.211
2026-01-25 10:00:00,38.579
2026-01-25 11:00:00,41.862
2026-01-25 12:00:00,48.089
2026-01-25 13:00:00,46.147
2026-01-25 14:00:00,47.661
2026-01-25 15:00:00,44.636
2026-01-25 16:00:00,43.167
2026-01-25 17:00:00,38.937
2026-01-25 18:00:00,35.834
2026-01-25 19:00:00,29.602
2026-01-25 20:00:00,26.428
2026-01-25 21:00:00,24.568
2026-01-25 22:00:00,24.705
2026-01-25 23:00:00,25.431
2026-01-26 00:00:00,39.463
2026-01-26 01:00:00,36.311
2026-01-26 02:00:00,39.83
2026-01-26 03:00:00,41.004
2026-01-26 04:00:00,39.674
2026-01-26 05:00:00,43.472
2026-01-26 06:00:00,39.62
2026-01-26 07:00:00,40.759
2026-01-26 08:00:00,42.42
2026-01-26 09:00:00,56.198
2026-01-26 10:00:00,60.23
2026-01-26 11:00:00,63.668
2026-01-26 12:00:00,68.579
2026-01-26 13:00:00,66.002
2026-01-26 14:00:00,76.235
2026-01-26 15:00:00,66.276
2026-01-26 16:00:00,61.675
2026-01-26 17:00:00,57.845
2026-01-26 18:00:00,51.68
2026-01-26 19:00:00,46.021
2026-01-26 20:00:00,39.585
2026-01-26 21:00:00,40.679
2026-01-26 22:00:00,42.528
2026-01-26 23:00:00,40.984
2026-01-27 00:00:00,41.053
2026-01-27 01:00:00,37.094
2026-01-27 02:00:00,36.281
2026-01-27 03:00:00,38.159
2026-01-27 04:00:00,38.979
2026-01-27 05:00:00,41.917
2026-01-27 06:00:00,37.727
2026-01-27 07:00:00,46.788
2026-01-27 08:00:00,46.193
2026-01-27 09:00:00,51.356
2026-01-27 10:00:00,55.693
2026-01-27 11:00:00,59.016
2026-01-27 12:00:00,70.231
2026-01-27 13:00:00,69.704
2026-01-27 14:00:00,64.879
2026-01-27 15:00:00,62.133
2026-01-27 16:00:00,60.463
2026-01-27 17:00:00,60.22
2026-01-27 18:00:00,49.956
2026-01-27 19:00:00,42.268
2026-01-27 20:00:00,40.708
2026-01-27 21:00:00,39.201
2026-01-27 22:00:00,33.629
2026-01-27 23:00:00,38.297
2026-01-28 00:00:00,37.585
2026-01-28 01:00:00,39.392
2026-01-28 02:00:00,41.699
2026-01-28 03:00:00,40.564
2026-01-28 04:00:00,38.348
2026-01-28 05:00:00,37.544
2026-01-28 06:00:00,46.517
2026-01-28 07:00:00,43.593
2026-01-28 08:00:00,46.593
2026-01-28 09:00:00,52.37
2026-01-28 10:00:00,58.988
2026-01-28 11:00:00,63.409
2026-01-28 12:00:00,65.984
2026-01-28 13:00:00,67.789
2026-01-28 14:00:00,68.701
2026-01-28 15:00:00,64.319
2026-01-28 16:00:00,59.436
2026-01-28 17:00:00,56.286
2026-01-28 18:00:00,49.967
2026-01-28 19:00:00,48.803
2026-01-28 20:00:00,35.751
2026-01-28 21:00:00,41.911
2026-01-28 22:00:00,41.292
2026-01-28 23:00:00,34.42
2026-01-29 00:00:00,37.372
2026-01-29 01:00:00,37.36
2026-01-29 02:00:00,35.484
2026-01-29 03:00:00,36.907
2026-01-29 04:00:00,36.712
2026-01-29 05:00:00,43.225
2026-01-29 06:00:00,43.142
2026-01-29 07:00:00,46.227
2026-01-29 08:00:00,48.241
2026-01-29 09:00:00,49.588
2026-01-29 10:00:00,57.021
2026-01-29 11:00:00,65.253
2026-01-29 12:00:00,64.013
2026-01-29 13:00:00,71.679
2026-01-29 14:00:00,68.07
2026-01-29 15:00:00,64.81
2026-01-29 16:00:00,63.312
2026-01-29 17:00:00,57.136
2026-01-29 18:00:00,49.72
2026-01-29 19:00:00,48.054
2026-01-29 20:00:00,38.986
2026-01-29 21:00:00,40.966
2026-01-29 22:00:00,40.023
2026-01-29 23:00:00,37.807
2026-01-30 00:00:00,38.644
2026-01-30 01:00:00,35.685
2026-01-30 02:00:00,39.934
2026-01-30 03:00:00,38.046
2026-01-30 04:00:00,37.855
2026-01-30 05:00:00,41.827
2026-01-30 06:00:00,39.763
2026-01-30 07:00:00,40.403
2026-01-30 08:00:00,42.937
2026-01-30 09:00:00,53.957
2026-01-30 10:00:00,54.963
2026-01-30 11:00:00,68.933
2026-01-30 12:00:00,61.399
2026-01-30 13:00:00,74.715
2026-01-30 14:00:00,69.442
2026-01-30 15:00:00,65.619
2026-01-30 16:00:00,59.893
2026-01-30 17:00:00,57.023
2026-01-30 18:00:00,50.473
2026-01-30 19:00:00,47.932
2026-01-30 20:00:00,41.45
2026-01-30 21:00:00,40.041
2026-01-30 22:00:00,38.164
2026-01-30 23:00:00,38.292
2026-01-31 00:00:00,25.096
2026-01-31 01:00:00,22.627
2026-01-31 02:00:00,23.138
2026-01-31 03:00:00,25.888
2026-01-31 04:00:00,25.482
2026-01-31 05:00:00,25.595
2026-01-31 06:00:00,26.814
2026-01-31 07:00:00,28.743
2026-01-31 08:00:00,29.448
2026-01-31 09:00:00,33.531
2026-01-31 10:00:00,39.738
2026-01-31 11:00:00,41.619
2026-01-31 12:00:00,47.255
2026-01-31 13:00:00,44.448
2026-01-31 14:00:00,49.554
2026-01-31 15:00:00,46.433
2026-01-31 16:00:00,42.773
2026-01-31 17:00:00,40.0
2026-01-31 18:00:00,36.785
2026-01-31 19:00:00,31.755
2026-01-31 20:00:00,24.323
2026-01-31 21:00:00,24.18
2026-01-31 22:00:00,24.477
2026-01-31 23:00:00,24.993
2026-02-01 00:00:00,26.69
2026-02-01 01:00:00,25.1
2026-02-01 02:00:00,26.36
2026-02-01 03:00:00,25.282
2026-02-01 04:00:00,25.783
2026-02-01 05:00:00,25.28
2026-02-01 06:00:00,26.897
2026-02-01 07:00:00,27.729
2026-02-01 08:00:00,30.303
2026-02-01 09:00:00,38.343
2026-02-01 10:00:00,39.486
2026-02-01 11:00:00,50.698
2026-02-01 12:00:00,49.554
2026-02-01 13:00:00,50.368
2026-02-01 14:00:00,47.815
2026-02-01 15:00:00,48.923
2026-02-01 16:00:00,43.11
2026-02-01 17:00:00,40.324
2026-02-01 18:00:00,39.935
2026-02-01 19:00:00,31.666
2026-02-01 20:00:00,29.82
2026-02-01 21:00:00,26.236
2026-02-01 22:00:00,26.549
2026-02-01 23:00:00,28.601
2026-02-02 00:00:00,38.771
2026-02-02 01:00:00,43.701
2026-02-02 02:00:00,41.601
2026-02-02 03:00:00,39.285
2026-02-02 04:00:00,42.21
2026-02-02 05:00:00,43.869
2026-02-02 06:00:00,44.732
2026-02-02 07:00:00,42.16
2026-02-02 08:00:00,47.229
2026-02-02 09:00:00,54.426
2026-02-02 10:00:00,61.101
2026-02-02 11:00:00,68.791
2026-02-02 12:00:00,71.497
2026-02-02 13:00:00,68.388
2026-02-02 14:00:00,73.217
2026-02-02 15:00:00,70.831
2026-02-02 16:00:00,65.847
2026-02-02 17:00:00,61.533
2026-02-02 18:00:00,55.055
2026-02-02 19:00:00,48.873
2026-02-02 20:00:00,43.231
2026-02-02 21:00:00,38.36
2026-02-02 22:00:00,41.795
2026-02-02 23:00:00,40.842
2026-02-03 00:00:00,40.569
2026-02-03 01:00:00,37.512
2026-02-03 02:00:00,38.007
2026-02-03 03:00:00,42.551
2026-02-03 04:00:00,40.836
2026-02-03 05:00:00,43.26
2026-02-03 06:00:00,43.445
2026-02-03 07:00:00,45.82
2026-02-03 08:00:00,51.311
2026-02-03 09:00:00,53.714
2026-02-03 10:00:00,61.59
2026-02-03 11:00:00,65.476
2026-02-03 12:00:00,69.538
2026-02-03 13:00:00,71.723
2026-02-03 14:00:00,72.711
2026-02-03 15:00:00,67.496
2026-02-03 16:00:00,67.841
2026-02-03 17:00:00,56.297
2026-02-03 18:00:00,52.553
2026-02-03 19:00:00,46.816
2026-02-03 20:00:00,46.522
2026-02-03 21:00:00,42.245
2026-02-03 22:00:00,43.027
2026-02-03 23:00:00,37.42
2026-02-04 00:00:00,40.56
2026-02-04 01:00:00,41.852
2026-02-04 02:00:00,40.344
2026-02-04 03:00:00,42.575
2026-02-04 04:00:00,39.858
2026-02-04 05:00:00,44.782
2026-02-04 06:00:00,48.37
2026-02-04 07:00:00,44.922
2026-02-04 08:00:00,47.919
2026-02-04 09:00:00,58.934
2026-02-04 10:00:00,65.841
2026-02-04 11:00:00,65.29
2026-02-04 12:00:00,69.584
2026-02-04 13:00:00,71.812
2026-02-04 14:00:00,67.698
2026-02-04 15:00:00,66.149
2026-02-04 16:00:00,61.365
2026-02-04 17:00:00,56.633
2026-02-04 18:00:00,52.926
2026-02-04 19:00:00,48.358
2026-02-04 20:00:00,46.747
2026-02-04 21:00:00,39.746
2026-02-04 22:00:00,42.93
2026-02-04 23:00:00,39.99
2026-02-05 00:00:00,39.926
2026-02-05 01:00:00,41.422
2026-02-05 02:00:00,37.924
2026-02-05 03:00:00,41.195
2026-02-05 04:00:00,41.257
2026-02-05 05:00:00,42.864
2026-02-05 06:00:00,44.011
2026-02-05 07:00:00,51.368
2026-02-05 08:00:00,47.448
2026-02-05 09:00:00,53.674
2026-02-05 10:00:00,59.528
2026-02-05 11:00:00,65.19
2026-02-05 12:00:00,68.889
2026-02-05 13:00:00,76.592
2026-02-05 14:00:00,76.546
2026-02-05 15:00:00,67.214
2026-02-05 16:00:00,61.857
2026-02-05 17:00:00,59.918
2026-02-05 18:00:00,51.658
2026-02-05 19:00:00,49.27
2026-02-05 20:00:00,43.824
2026-02-05 21:00:00,38.664
2026-02-05 22:00:00,44.082
2026-02-05 23:00:00,44.052
2026-02-06 00:00:00,38.799
2026-02-06 01:00:00,39.293
2026-02-06 02:00:00,40.753
2026-02-06 03:00:00,41.098
2026-02-06 04:00:00,42.264
2026-02-06 05:00:00,46.039
2026-02-06 06:00:00,43.0
2026-02-06 07:00:00,43.925
2026-02-06 08:00:00,45.631
2026-02-06 09:00:00,53.144
2026-02-06 10:00:00,61.219
2026-02-06 11:00:00,72.385
2026-02-06 12:00:00,69.272
2026-02-06 13:00:00,73.455
2026-02-06 14:00:00,71.948
2026-02-06 15:00:00,72.6
2026-02-06 16:00:00,71.484
2026-02-06 17:00:00,57.261
2026-02-06 18:00:00,51.812
2026-02-06 19:00:00,50.211
2026-02-06 20:00:00,44.863
2026-02-06 21:00:00,45.697
2026-02-06 22:00:00,42.111
2026-02-06 23:00:00,39.696
2026-02-07 00:00:00,26.785
2026-02-07 01:00:00,27.489
2026-02-07 02:00:00,27.188
2026-02-07 03:00:00,26.941
2026-02-07 04:00:00,28.014
2026-02-07 05:00:00,28.782
2026-02-07 06:00:00,30.148
2026-02-07 07:00:00,30.703
2026-02-07 08:00:00,31.591
2026-02-07 09:00:00,36.781
2026-02-07 10:00:00,43.502
2026-02-07 11:00:00,43.833
2026-02-07 12:00:00,49.295
2026-02-07 13:00:00,49.146
2026-02-07 14:00:00,49.66
2026-02-07 15:00:00,50.074
2026-02-07 16:00:00,44.538
2026-02-07 17:00:00,40.194
2026-02-07 18:00:00,33.691
2026-02-07 19:00:00,32.919
2026-02-07 20:00:00,29.109
2026-02-07 21:00:00,30.133
2026-02-07 22:00:00,26.186
2026-02-07 23:00:00,26.562
2026-02-08 00:00:00,26.341
2026-02-08 01:00:00,28.1
2026-02-08 02:00:00,25.992
2026-02-08 03:00:00,26.641
2026-02-08 04:00:00,27.404
2026-02-08 05:00:00,27.446
2026-02-08 06:00:00,27.57
2026-02-08 07:00:00,30.027
2026-02-08 08:00:00,33.567
2026-02-08 09:00:00,34.759
2026-02-08 10:00:00,41.502
2026-02-08 11:00:00,44.066
2026-02-08 12:00:00,51.014
2026-02-08 13:00:00,46.76
2026-02-08 14:00:00,48.438
2026-02-08 15:00:00,48.28
2026-02-08 16:00:00,47.099
2026-02-08 17:00:00,40.001
2026-02-08 18:00:00,34.973
2026-02-08 19:00:00,34.606
2026-02-08 20:00:00,26.158
2026-02-08 21:00:00,24.203
2026-02-08 22:00:00,27.181
2026-02-08 23:00:00,25.615
2026-02-09 00:00:00,37.981
2026-02-09 01:00:00,41.489
2026-02-09 02:00:00,40.669
2026-02-09 03:00:00,39.282
2026-02-09 04:00:00,38.297
2026-02-09 05:00:00,43.659
2026-02-09 06:00:00,44.794
2026-02-09 07:00:00,45.525
2026-02-09 08:00:00,53.536
2026-02-09 09:00:00,52.245
2026-02-09 10:00:00,56.943
2026-02-09 11:00:00,64.773
2026-02-09 12:00:00,70.782
2026-02-09 13:00:00,73.518
2026-02-09 14:00:00,71.228
2026-02-09 15:00:00,70.039
2026-02-09 16:00:00,60.656
2026-02-09 17:00:00,62.495
2026-02-09 18:00:00,52.81
2026-02-09 19:00:00,50.378
2026-02-09 20:00:00,44.127
2026-02-09 21:00:00,42.79
2026-02-09 22:00:00,42.082
2026-02-09 23:00:00,41.327
2026-02-10 00:00:00,41.312
2026-02-10 01:00:00,42.733
2026-02-10 02:00:00,40.574
2026-02-10 03:00:00,41.855
2026-02-10 04:00:00,40.733
2026-02-10 05:00:00,44.847
2026-02-10 06:00:00,41.916
2026-02-10 07:00:00,49.871
2026-02-10 08:00:00,48.913
2026-02-10 09:00:00,51.289
2026-02-10 10:00:00,61.681
2026-02-10 11:00:00,64.806
2026-02-10 12:00:00,73.618
2026-02-10 13:00:00,70.606
2026-02-10 14:00:00,70.572
2026-02-10 15:00:00,63.176
2026-02-10 16:00:00,62.946
2026-02-10 17:00:00,52.243
2026-02-10 18:00:00,49.13
2026-02-10 19:00:00,49.562
2026-02-10 20:00:00,45.088
2026-02-10 21:00:00,42.724
2026-02-10 22:00:00,38.938
2026-02-10 23:00:00,40.326
2026-02-11 00:00:00,40.018
2026-02-11 01:00:00,37.749
2026-02-11 02:00:00,43.199
2026-02-11 03:00:00,42.195
2026-02-11 04:00:00,40.464
2026-02-11 05:00:00,41.89
2026-02-11 06:00:00,43.835
2026-02-11 07:00:00,41.081
2026-02-11 08:00:00,48.405
2026-02-11 09:00:00,53.274
2026-02-11 10:00:00,58.444
2026-02-11 11:00:00,66.03
2026-02-11 12:00:00,76.681
2026-02-11 13:00:00,74.81
2026-02-11 14:00:00,70.172
2026-02-11 15:00:00,70.715
2026-02-11 16:00:00,68.253
2026-02-11 17:00:00,61.119
2026-02-11 18:00:00,53.157
2026-02-11 19:00:00,46.342
2026-02-11 20:00:00,44.898
2026-02-11 21:00:00,42.657
2026-02-11 22:00:00,42.748
2026-02-11 23:00:00,41.706
2026-02-12 00:00:00,42.126
2026-02-12 01:00:00,38.998
2026-02-12 02:00:00,42.826
2026-02-12 03:00:00,40.821
2026-02-12 04:00:00,45.162
2026-02-12 05:00:00,40.393
2026-02-12 06:00:00,47.149
2026-02-12 07:00:00,46.204
2026-02-12 08:00:00,47.415
2026-02-12 09:00:00,53.799
2026-02-12 10:00:00,60.396
2026-02-12 11:00:00,68.19
2026-02-12 12:00:00,72.601
2026-02-12 13:00:00,70.863
2026-02-12 14:00:00,71.922
2026-02-12 15:00:00,75.521
2026-02-12 16:00:00,69.193
2026-02-12 17:00:00,59.825
2026-02-12 18:00:00,53.104
2026-02-12 19:00:00,48.097
2026-02-12 20:00:00,44.714
2026-02-12 21:00:00,39.695
2026-02-12 22:00:00,40.39
2026-02-12 23:00:00,37.05
2026-02-13 00:00:00,40.824
2026-02-13 01:00:00,41.367
2026-02-13 02:00:00,39.208
2026-02-13 03:00:00,43.603
2026-02-13 04:00:00,38.409
2026-02-13 05:00:00,38.771
2026-02-13 06:00:00,43.87
2026-02-13 07:00:00,48.147
2026-02-13 08:00:00,53.138
2026-02-13 09:00:00,53.866
2026-02-13 10:00:00,64.405
2026-02-13 11:00:00,66.773
2026-02-13 12:00:00,70.376
2026-02-13 13:00:00,75.599
2026-02-13 14:00:00,74.088
2026-02-13 15:00:00,64.135
2026-02-13 16:00:00,68.474
2026-02-13 17:00:00,62.326
2026-02-13 18:00:00,51.478
2026-02-13 19:00:00,48.728
2026-02-13 20:00:00,44.455
2026-02-13 21:00:00,42.379
2026-02-13 22:00:00,39.791
2026-02-13 23:00:00,39.065
2026-02-14 00:00:00,25.983
2026-02-14 01:00:00,27.573
2026-02-14 02:00:00,26.826
2026-02-14 03:00:00,25.787
2026-02-14 04:00:00,27.622
2026-02-14 05:00:00,23.319
2026-02-14 06:00:00,29.819
2026-02-14 07:00:00,27.152
2026-02-14 08:00:00,31.28
2026-02-14 09:00:00,34.599
2026-02-14 10:00:00,38.843
2026-02-14 11:00:00,47.769
2026-02-14 12:00:00,47.555
2026-02-14 13:00:00,50.709
2026-02-14 14:00:00,49.502
2026-02-14 15:00:00,48.479
2026-02-14 16:00:00,44.326
2026-02-14 17:00:00,37.904
2026-02-14 18:00:00,37.444
2026-02-14 19:00:00,31.075
2026-02-14 20:00:00,26.004
2026-02-14 21:00:00,26.61
2026-02-14 22:00:00,28.591
2026-02-14 23:00:00,27.391
2026-02-15 00:00:00,25.563
2026-02-15 01:00:00,25.591
2026-02-15 02:00:00,25.696
2026-02-15 03:00:00,29.003
2026-02-15 04:00:00,27.104
2026-02-15 05:00:00,27.777
2026-02-15 06:00:00,29.652
2026-02-15 07:00:00,30.094
2026-02-15 08:00:00,31.445
2026-02-15 09:00:00,36.19
2026-02-15 10:00:00,41.121
2026-02-15 11:00:00,45.385
2026-02-15 12:00:00,50.042
2026-02-15 13:00:00,50.087
2026-02-15 14:00:00,51.124
2026-02-15 15:00:00,47.369
2026-02-15 16:00:00,44.329
2026-02-15 17:00:00,36.672
2026-02-15 18:00:00,37.317
2026-02-15 19:00:00,32.324
2026-02-15 20:00:00,29.606
2026-02-15 21:00:00,23.254
2026-02-15 22:00:00,29.373
2026-02-15 23:00:00,26.091
2026-02-16 00:00:00,42.243
2026-02-16 01:00:00,37.987
2026-02-16 02:00:00,41.41
2026-02-16 03:00:00,38.293
2026-02-16 04:00:00,39.64
2026-02-16 05:00:00,45.838
2026-02-16 06:00:00,42.97
2026-02-16 07:00:00,46.249
2026-02-16 08:00:00,51.143
2026-02-16 09:00:00,56.396
2026-02-16 10:00:00,61.745
2026-02-16 11:00:00,68.008
2026-02-16 12:00:00,78.619
2026-02-16 13:00:00,72.54
2026-02-16 14:00:00,72.644
2026-02-16 15:00:00,72.178
2026-02-16 16:00:00,67.411
2026-02-16 17:00:00,61.814
2026-02-16 18:00:00,54.576
2026-02-16 19:00:00,45.207
2026-02-16 20:00:00,46.927
2026-02-16 21:00:00,39.436
2026-02-16 22:00:00,41.536
2026-02-16 23:00:00,38.898
2026-02-17 00:00:00,39.897
2026-02-17 01:00:00,40.729
2026-02-17 02:00:00,40.825
2026-02-17 03:00:00,41.275
2026-02-17 04:00:00,44.218
2026-02-17 05:00:00,42.783
2026-02-17 06:00:00,42.854
2026-02-17 07:00:00,47.957
2026-02-17 08:00:00,51.926
2026-02-17 09:00:00,51.828
2026-02-17 10:00:00,63.026
2026-02-17 11:00:00,69.038
2026-02-17 12:00:00,69.976
2026-02-17 13:00:00,77.198
2026-02-17 14:00:00,71.52
2026-02-17 15:00:00,69.346
2026-02-17 16:00:00,63.746
2026-02-17 17:00:00,58.709
2026-02-17 18:00:00,50.325
2026-02-17 19:00:00,44.528
2026-02-17 20:00:00,46.842
2026-02-17 21:00:00,40.063
2026-02-17 22:00:00,38.888
2026-02-17 23:00:00,36.07
2026-02-18 00:00:00,38.747
2026-02-18 01:00:00,37.419
2026-02-18 02:00:00,43.478
2026-02-18 03:00:00,42.463
2026-02-18 04:00:00,39.509
2026-02-18 05:00:00,46.546
2026-02-18 06:00:00,45.513
2026-02-18 07:00:00,45.009
2026-02-18 08:00:00,42.886
2026-02-18 09:00:00,61.154
2026-02-18 10:00:00,57.332
2026-02-18 11:00:00,61.853
2026-02-18 12:00:00,74.201
2026-02-18 13:00:00,80.657
2026-02-18 14:00:00,76.43
2026-02-18 15:00:00,70.688
2026-02-18 16:00:00,65.947
2026-02-18 17:00:00,60.93
2026-02-18 18:00:00,54.871
2026-02-18 19:00:00,48.465
2026-02-18 20:00:00,43.609
2026-02-18 21:00:00,41.703
2026-02-18 22:00:00,39.374
2026-02-18 23:00:00,39.855
2026-02-19 00:00:00,36.637
2026-02-19 01:00:00,39.873
2026-02-19 02:00:00,38.193
2026-02-19 03:00:00,38.192
2026-02-19 04:00:00,41.284
2026-02-19 05:00:00,44.746
2026-02-19 06:00:00,45.375
2026-02-19 07:00:00,42.159
2026-02-19 08:00:00,46.586
2026-02-19 09:00:00,57.575
2026-02-19 10:00:00,58.499
2026-02-19 11:00:00,66.203
2026-02-19 12:00:00,72.689
2026-02-19 13:00:00,69.58
2026-02-19 14:00:00,72.337
2026-02-19 15:00:00,64.877
2026-02-19 16:00:00,62.519
2026-02-19 17:00:00,59.516
2026-02-19 18:00:00,49.107
2026-02-19 19:00:00,48.83
2026-02-19 20:00:00,43.341
2026-02-19 21:00:00,42.99
2026-02-19 22:00:00,41.375
2026-02-19 23:00:00,43.179
2026-02-20 00:00:00,40.276
2026-02-20 01:00:00,39.21
2026-02-20 02:00:00,40.425
2026-02-20 03:00:00,41.52
2026-02-20 04:00:00,41.016
2026-02-20 05:00:00,41.919
2026-02-20 06:00:00,41.861
2026-02-20 07:00:00,44.235
2026-02-20 08:00:00,45.574
2026-02-20 09:00:00,59.719
2026-02-20 10:00:00,57.75
2026-02-20 11:00:00,64.77
2026-02-20 12:00:00,68.629
2026-02-20 13:00:00,75.636
2026-02-20 14:00:00,71.056
2026-02-20 15:00:00,72.782
2026-02-20 16:00:00,62.312
2026-02-20 17:00:00,59.408
2026-02-20 18:00:00,50.964
2026-02-20 19:00:00,52.729
2026-02-20 20:00:00,40.807
2026-02-20 21:00:00,42.482
2026-02-20 22:00:00,42.213
2026-02-20 23:00:00,41.258
2026-02-21 00:00:00,25.775
2026-02-21 01:00:00,25.876
2026-02-21 02:00:00,26.174
2026-02-21 03:00:00,26.081
2026-02-21 04:00:00,27.877
2026-02-21 05:00:00,30.198
2026-02-21 06:00:00,27.413
2026-02-21 07:00:00,27.702
2026-02-21 08:00:00,31.717
2026-02-21 09:00:00,40.972
2026-02-21 10:00:00,39.757
2026-02-21 11:00:00,48.721
2026-02-21 12:00:00,52.018
2026-02-21 13:00:00,48.808
2026-02-21 14:00:00,50.784
2026-02-21 15:00:00,50.77
2026-02-21 16:00:00,43.476
2026-02-21 17:00:00,39.763
2026-02-21 18:00:00,34.931
2026-02-21 19:00:00,30.3
2026-02-21 20:00:00,27.284
2026-02-21 21:00:00,25.528
2026-02-21 22:00:00,26.641
2026-02-21 23:00:00,25.263
2026-02-22 00:00:00,26.321
2026-02-22 01:00:00,24.019
2026-02-22 02:00:00,26.548
2026-02-22 03:00:00,27.369
2026-02-22 04:00:00,23.944
2026-02-22 05:00:00,27.701
2026-02-22 06:00:00,29.93
2026-02-22 07:00:00,27.94
2026-02-22 08:00:00,34.521
2026-02-22 09:00:00,37.25
2026-02-22 10:00:00,39.941
2026-02-22 11:00:00,45.348
2026-02-22 12:00:00,49.69
2026-02-22 13:00:00,50.138
2026-02-22 14:00:00,50.721
2026-02-22 15:00:00,45.697
2026-02-22 16:00:00,44.498
2026-02-22 17:00:00,37.679
2026-02-22 18:00:00,35.68
2026-02-22 19:00:00,30.465
2026-02-22 20:00:00,27.162
2026-02-22 21:00:00,28.873
2026-02-22 22:00:00,28.047
2026-02-22 23:00:00,27.075
2026-02-23 00:00:00,37.839
2026-02-23 01:00:00,39.436
2026-02-23 02:00:00,42.616
2026-02-23 03:00:00,40.708
2026-02-23 04:00:00,45.661
2026-02-23 05:00:00,42.657
2026-02-23 06:00:00,43.8
2026-02-23 07:00:00,45.045
2026-02-23 08:00:00,49.338
2026-02-23 09:00:00,54.678
2026-02-23 10:00:00,63.343
2026-02-23 11:00:00,69.82
2026-02-23 12:00:00,68.413
2026-02-23 13:00:00,68.401
2026-02-23 14:00:00,66.124
2026-02-23 15:00:00,70.517
2026-02-23 16:00:00,61.081
2026-02-23 17:00:00,52.962
2026-02-23 18:00:00,53.963
2026-02-23 19:00:00,53.525
2026-02-23 20:00:00,43.37
2026-02-23 21:00:00,43.588
2026-02-23 22:00:00,41.084
2026-02-23 23:00:00,40.222
2026-02-24 00:00:00,41.865
2026-02-24 01:00:00,39.488
2026-02-24 02:00:00,40.716
2026-02-24 03:00:00,41.072
2026-02-24 04:00:00,39.55
2026-02-24 05:00:00,43.909
2026-02-24 06:00:00,43.004
2026-02-24 07:00:00,44.023
2026-02-24 08:00:00,50.326
2026-02-24 09:00:00,52.7
2026-02-24 10:00:00,61.395
2026-02-24 11:00:00,66.863
2026-02-24 12:00:00,74.403
2026-02-24 13:00:00,74.27
2026-02-24 14:00:00,71.92
2026-02-24 15:00:00,71.465
2026-02-24 16:00:00,68.226
2026-02-24 17:00:00,60.147
2026-02-24 18:00:00,53.037
2026-02-24 19:00:00,44.821
2026-02-24 20:00:00,41.073
2026-02-24 21:00:00,41.196
2026-02-24 22:00:00,39.669
2026-02-24 23:00:00,40.044
2026-02-25 00:00:00,40.139
2026-02-25 01:00:00,41.131
2026-02-25 02:00:00,40.037
2026-02-25 03:00:00,41.405
2026-02-25 04:00:00,41.048
2026-02-25 05:00:00,37.702
2026-02-25 06:00:00,41.346
2026-02-25 07:00:00,45.422
2026-02-25 08:00:00,46.047
2026-02-25 09:00:00,56.672
2026-02-25 10:00:00,65.701
2026-02-25 11:00:00,70.622
2026-02-25 12:00:00,70.245
2026-02-25 13:00:00,77.572
2026-02-25 14:00:00,72.476
2026-02-25 15:00:00,67.929
2026-02-25 16:00:00,62.485
2026-02-25 17:00:00,57.866
2026-02-25 18:00:00,52.06
2026-02-25 19:00:00,48.212
2026-02-25 20:00:00,43.732
2026-02-25 21:00:00,41.841
2026-02-25 22:00:00,41.81
2026-02-25 23:00:00,42.828
2026-02-26 00:00:00,41.926
2026-02-26 01:00:00,37.095
2026-02-26 02:00:00,35.048
2026-02-26 03:00:00,42.31
2026-02-26 04:00:00,38.12
2026-02-26 05:00:00,41.364
2026-02-26 06:00:00,40.845
2026-02-26 07:00:00,41.629
2026-02-26 08:00:00,50.338
2026-02-26 09:00:00,57.094
2026-02-26 10:00:00,59.662
2026-02-26 11:00:00,58.958
2026-02-26 12:00:00,69.18
2026-02-26 13:00:00,74.001
2026-02-26 14:00:00,67.268
2026-02-26 15:00:00,69.523
2026-02-26 16:00:00,64.199
2026-02-26 17:00:00,60.204
2026-02-26 18:00:00,53.304
2026-02-26 19:00:00,45.596
2026-02-26 20:00:00,45.979
2026-02-26 21:00:00,41.503
2026-02-26 22:00:00,40.861
2026-02-26 23:00:00,38.536
2026-02-27 00:00:00,39.138
2026-02-27 01:00:00,38.297
2026-02-27 02:00:00,39.832
2026-02-27 03:00:00,43.882
2026-02-27 04:00:00,38.11
2026-02-27 05:00:00,38.459
2026-02-27 06:00:00,46.575
2026-02-27 07:00:00,45.273
2026-02-27 08:00:00,47.372
2026-02-27 09:00:00,57.838
2026-02-27 10:00:00,59.579
2026-02-27 11:00:00,72.482
2026-02-27 12:00:00,73.098
2026-02-27 13:00:00,71.142
2026-02-27 14:00:00,78.904
2026-02-27 15:00:00,67.107
2026-02-27 16:00:00,66.369
2026-02-27 17:00:00,59.461
2026-02-27 18:00:00,56.201
2026-02-27 19:00:00,51.394
2026-02-27 20:00:00,43.453
2026-02-27 21:00:00,40.258
2026-02-27 22:00:00,41.857
2026-02-27 23:00:00,39.052
2026-02-28 00:00:00,28.635
2026-02-28 01:00:00,26.223
2026-02-28 02:00:00,25.639
2026-02-28 03:00:00,26.517
2026-02-28 04:00:00,24.804
2026-02-28 05:00:00,25.871
2026-02-28 06:00:00,29.892
2026-02-28 07:00:00,28.762
2026-02-28 08:00:00,30.19
2026-02-28 09:00:00,37.452
2026-02-28 10:00:00,43.463
2026-02-28 11:00:00,46.89
2026-02-28 12:00:00,50.6
2026-02-28 13:00:00,48.379
2026-02-28 14:00:00,46.643
2026-02-28 15:00:00,50.517
2026-02-28 16:00:00,43.581
2026-02-28 17:00:00,39.682
2026-02-28 18:00:00,37.973
2026-02-28 19:00:00,32.636
2026-02-28 20:00:00,28.842
2026-02-28 21:00:00,30.136
2026-02-28 22:00:00,25.74
2026-02-28 23:00:00,27.493
2026-03-01 00:00:00,26.873
2026-03-01 01:00:00,27.187
2026-03-01 02:00:00,28.956
2026-03-01 03:00:00,27.75
2026-03-01 04:00:00,28.131
2026-03-01 05:00:00,29.51
2026-03-01 06:00:00,28.515
2026-03-01 07:00:00,29.345
2026-03-01 08:00:00,31.099
2026-03-01 09:00:00,34.072
2026-03-01 10:00:00,46.317
2026-03-01 11:00:00,44.392
2026-03-01 12:00:00,49.302
2026-03-01 13:00:00,50.643
2026-03-01 14:00:00,51.507
2026-03-01 15:00:00,50.396
2026-03-01 16:00:00,46.951
2026-03-01 17:00:00,40.113
2026-03-01 18:00:00,36.539
2026-03-01 19:00:00,33.134
2026-03-01 20:00:00,28.684
2026-03-01 21:00:00,30.259
2026-03-01 22:00:00,28.066
2026-03-01 23:00:00,28.057
2026-03-02 00:00:00,42.592
2026-03-02 01:00:00,43.694
2026-03-02 02:00:00,41.759
2026-03-02 03:00:00,38.935
2026-03-02 04:00:00,42.986
2026-03-02 05:00:00,41.686
2026-03-02 06:00:00,43.504
2026-03-02 07:00:00,48.506
2026-03-02 08:00:00,53.607
2026-03-02 09:00:00,56.73
2026-03-02 10:00:00,63.945
2026-03-02 11:00:00,74.096
2026-03-02 12:00:00,73.642
2026-03-02 13:00:00,83.387
2026-03-02 14:00:00,75.784
2026-03-02 15:00:00,65.246
2026-03-02 16:00:00,68.185
2026-03-02 17:00:00,61.299
2026-03-02 18:00:00,57.737
2026-03-02 19:00:00,50.781
2026-03-02 20:00:00,44.376
2026-03-02 21:00:00,40.452
2026-03-02 22:00:00,41.703
2026-03-02 23:00:00,39.864
2026-03-03 00:00:00,40.029
2026-03-03 01:00:00,42.487
2026-03-03 02:00:00,44.84
2026-03-03 03:00:00,42.456
2026-03-03 04:00:00,39.624
2026-03-03 05:00:00,44.047
2026-03-03 06:00:00,47.358
2026-03-03 07:00:00,45.687
2026-03-03 08:00:00,50.143
2026-03-03 09:00:00,56.712
2026-03-03 10:00:00,60.717
2026-03-03 11:00:00,70.772
2026-03-03 12:00:00,72.45
2026-03-03 13:00:00,76.082
2026-03-03 14:00:00,70.995
2026-03-03 15:00:00,69.419
2026-03-03 16:00:00,68.094
2026-03-03 17:00:00,59.241
2026-03-03 18:00:00,58.841
2026-03-03 19:00:00,48.253
2026-03-03 20:00:00,45.187
2026-03-03 21:00:00,45.099
2026-03-03 22:00:00,39.155
2026-03-03 23:00:00,37.969
2026-03-04 00:00:00,38.081
2026-03-04 01:00:00,43.878
2026-03-04 02:00:00,40.243
2026-03-04 03:00:00,46.96
2026-03-04 04:00:00,40.955
2026-03-04 05:00:00,43.487
2026-03-04 06:00:00,48.13
2026-03-04 07:00:00,51.851
2026-03-04 08:00:00,55.685
2026-03-04 09:00:00,59.971
2026-03-04 10:00:00,66.056
2026-03-04 11:00:00,70.597
2026-03-04 12:00:00,75.414
2026-03-04 13:00:00,72.832
2026-03-04 14:00:00,71.223
2026-03-04 15:00:00,70.788
2026-03-04 16:00:00,65.46
2026-03-04 17:00:00,59.021
2026-03-04 18:00:00,56.239
2026-03-04 19:00:00,51.446
2026-03-04 20:00:00,44.882
2026-03-04 21:00:00,46.273
2026-03-04 22:00:00,39.738
2026-03-04 23:00:00,41.232
2026-03-05 00:00:00,39.748
2026-03-05 01:00:00,37.42
2026-03-05 02:00:00,41.213
2026-03-05 03:00:00,41.381
2026-03-05 04:00:00,45.333
2026-03-05 05:00:00,44.448
2026-03-05 06:00:00,42.397
2026-03-05 07:00:00,51.493
2026-03-05 08:00:00,53.564
2026-03-05 09:00:00,58.261
2026-03-05 10:00:00,62.365
2026-03-05 11:00:00,65.702
2026-03-05 12:00:00,71.622
2026-03-05 13:00:00,78.322
2026-03-05 14:00:00,80.132
2026-03-05 15:00:00,75.665
2026-03-05 16:00:00,64.519
2026-03-05 17:00:00,57.202
2026-03-05 18:00:00,54.837
2026-03-05 19:00:00,45.028
2026-03-05 20:00:00,45.407
2026-03-05 21:00:00,42.771
2026-03-05 22:00:00,41.162
2026-03-05 23:00:00,38.315
2026-03-06 00:00:00,42.285
2026-03-06 01:00:00,40.173
2026-03-06 02:00:00,38.964
2026-03-06 03:00:00,35.655
2026-03-06 04:00:00,42.086
2026-03-06 05:00:00,46.908
2026-03-06 06:00:00,48.397
2026-03-06 07:00:00,46.047
2026-03-06 08:00:00,48.962
2026-03-06 09:00:00,57.952
2026-03-06 10:00:00,60.087
2026-03-06 11:00:00,69.68
2026-03-06 12:00:00,75.373
2026-03-06 13:00:00,78.785
2026-03-06 14:00:00,73.59
2026-03-06 15:00:00,70.156
2026-03-06 16:00:00,63.37
2026-03-06 17:00:00,58.001
2026-03-06 18:00:00,53.91
2026-03-06 19:00:00,50.06
2026-03-06 20:00:00,46.726
2026-03-06 21:00:00,41.359
2026-03-06 22:00:00,45.289
2026-03-06 23:00:00,41.07
2026-03-07 00:00:00,26.768
2026-03-07 01:00:00,25.825
2026-03-07 02:00:00,23.639
2026-03-07 03:00:00,28.259
2026-03-07 04:00:00,28.403
2026-03-07 05:00:00,27.614
2026-03-07 06:00:00,29.142
2026-03-07 07:00:00,31.421
2026-03-07 08:00:00,30.249
2026-03-07 09:00:00,36.623
2026-03-07 10:00:00,43.896
2026-03-07 11:00:00,44.082
2026-03-07 12:00:00,50.405
2026-03-07 13:00:00,48.293
2026-03-07 14:00:00,51.847
2026-03-07 15:00:00,48.651
2026-03-07 16:00:00,42.201
2026-03-07 17:00:00,43.215
2026-03-07 18:00:00,35.608
2026-03-07 19:00:00,31.46
2026-03-07 20:00:00,29.336
2026-03-07 21:00:00,29.617
2026-03-07 22:00:00,26.002
2026-03-07 23:00:00,27.146
2026-03-08 00:00:00,27.371
2026-03-08 01:00:00,27.757
2026-03-08 02:00:00,27.137
2026-03-08 03:00:00,26.566
2026-03-08 04:00:00,26.26
2026-03-08 05:00:00,28.129
2026-03-08 06:00:00,27.488
2026-03-08 07:00:00,26.157
2026-03-08 08:00:00,33.529
2026-03-08 09:00:00,39.166
2026-03-08 10:00:00,37.838
2026-03-08 11:00:00,44.583
2026-03-08 12:00:00,51.103
2026-03-08 13:00:00,55.722
2026-03-08 14:00:00,50.893
2026-03-08 15:00:00,47.231
2026-03-08 16:00:00,44.949
2026-03-08 17:00:00,43.588
2026-03-08 18:00:00,35.753
2026-03-08 19:00:00,31.477
2026-03-08 20:00:00,28.344
2026-03-08 21:00:00,26.673
2026-03-08 22:00:00,27.562
2026-03-08 23:00:00,29.261
2026-03-09 00:00:00,41.892
2026-03-09 01:00:00,40.751
2026-03-09 02:00:00,40.781
2026-03-09 03:00:00,38.381
2026-03-09 04:00:00,44.005
2026-03-09 05:00:00,42.922
2026-03-09 06:00:00,44.282
2026-03-09 07:00:00,54.648
2026-03-09 08:00:00,51.236
2026-03-09 09:00:00,54.62
2026-03-09 10:00:00,61.775
2026-03-09 11:00:00,72.35
2026-03-09 12:00:00,73.222
2026-03-09 13:00:00,69.863
2026-03-09 14:00:00,76.95
2026-03-09 15:00:00,68.692
2026-03-09 16:00:00,71.491
2026-03-09 17:00:00,63.207
2026-03-09 18:00:00,53.352
2026-03-09 19:00:00,52.213
2026-03-09 20:00:00,44.836
2026-03-09 21:00:00,44.927
2026-03-09 22:00:00,43.165
2026-03-09 23:00:00,39.873
2026-03-10 00:00:00,39.899
2026-03-10 01:00:00,43.398
2026-03-10 02:00:00,40.692
2026-03-10 03:00:00,40.794
2026-03-10 04:00:00,40.131
2026-03-10 05:00:00,44.002
2026-03-10 06:00:00,49.293
2026-03-10 07:00:00,44.609
2026-03-10 08:00:00,50.543
2026-03-10 09:00:00,60.528
2026-03-10 10:00:00,62.799
2026-03-10 11:00:00,70.155
2026-03-10 12:00:00,69.347
2026-03-10 13:00:00,76.111
2026-03-10 14:00:00,73.303
2026-03-10 15:00:00,73.907
2026-03-10 16:00:00,69.467
2026-03-10 17:00:00,67.328
2026-03-10 18:00:00,55.945
2026-03-10 19:00:00,49.962
2026-03-10 20:00:00,45.119
2026-03-10 21:00:00,42.328
2026-03-10 22:00:00,42.857
2026-03-10 23:00:00,41.02
2026-03-11 00:00:00,41.573
2026-03-11 01:00:00,43.991
2026-03-11 02:00:00,39.302
2026-03-11 03:00:00,44.008
2026-03-11 04:00:00,44.919
2026-03-11 05:00:00,42.835
2026-03-11 06:00:00,39.944
2026-03-11 07:00:00,45.692
2026-03-11 08:00:00,53.755
2026-03-11 09:00:00,56.61
2026-03-11 10:00:00,60.084
2026-03-11 11:00:00,67.136
2026-03-11 12:00:00,75.619
2026-03-11 13:00:00,76.508
2026-03-11 14:00:00,73.133
2026-03-11 15:00:00,69.642
2026-03-11 16:00:00,64.806
2026-03-11 17:00:00,57.74
2026-03-11 18:00:00,58.559
2026-03-11 19:00:00,48.435
2026-03-11 20:00:00,47.404
2026-03-11 21:00:00,46.367
2026-03-11 22:00:00,44.248
2026-03-11 23:00:00,40.736
2026-03-12 00:00:00,42.058
2026-03-12 01:00:00,41.222
2026-03-12 02:00:00,39.514
2026-03-12 03:00:00,42.31
2026-03-12 04:00:00,39.659
2026-03-12 05:00:00,45.648
2026-03-12 06:00:00,43.647
2026-03-12 07:00:00,47.598
2026-03-12 08:00:00,51.197
2026-03-12 09:00:00,55.965
2026-03-12 10:00:00,64.765
2026-03-12 11:00:00,67.23
2026-03-12 12:00:00,75.72
2026-03-12 13:00:00,70.172
2026-03-12 14:00:00,74.337
2026-03-12 15:00:00,76.913
2026-03-12 16:00:00,63.009
2026-03-12 17:00:00,58.408
2026-03-12 18:00:00,55.779
2026-03-12 19:00:00,49.618
2026-03-12 20:00:00,45.468
2026-03-12 21:00:00,44.143
2026-03-12 22:00:00,43.481
2026-03-12 23:00:00,43.945
2026-03-13 00:00:00,42.071
2026-03-13 01:00:00,40.774
2026-03-13 02:00:00,42.776
2026-03-13 03:00:00,45.59
2026-03-13 04:00:00,41.864
2026-03-13 05:00:00,40.99
2026-03-13 06:00:00,47.158
2026-03-13 07:00:00,46.841
2026-03-13 08:00:00,44.998
2026-03-13 09:00:00,58.986
2026-03-13 10:00:00,61.454
2026-03-13 11:00:00,68.443
2026-03-13 12:00:00,73.943
2026-03-13 13:00:00,75.315
2026-03-13 14:00:00,76.258
2026-03-13 15:00:00,69.425
2026-03-13 16:00:00,67.476
2026-03-13 17:00:00,59.55
2026-03-13 18:00:00,56.346
2026-03-13 19:00:00,50.645
2026-03-13 20:00:00,42.595
2026-03-13 21:00:00,45.429
2026-03-13 22:00:00,41.015
2026-03-13 23:00:00,43.317
2026-03-14 00:00:00,27.289
2026-03-14 01:00:00,29.293
2026-03-14 02:00:00,26.599
2026-03-14 03:00:00,26.59
2026-03-14 04:00:00,27.367
2026-03-14 05:00:00,27.583
2026-03-14 06:00:00,30.207
2026-03-14 07:00:00,28.155
2026-03-14 08:00:00,31.084
2026-03-14 09:00:00,35.667
2026-03-14 10:00:00,44.195
2026-03-14 11:00:00,50.16
2026-03-14 12:00:00,49.553
2026-03-14 13:00:00,50.878
2026-03-14 14:00:00,50.998
2026-03-14 15:00:00,51.105
2026-03-14 16:00:00,43.521
2026-03-14 17:00:00,41.571
2026-03-14 18:00:00,38.413
2026-03-14 19:00:00,33.469
2026-03-14 20:00:00,29.32
2026-03-14 21:00:00,29.41
2026-03-14 22:00:00,23.691
2026-03-14 23:00:00,27.98
2026-03-15 00:00:00,25.921
2026-03-15 01:00:00,24.371
2026-03-15 02:00:00,27.587
2026-03-15 03:00:00,28.921
2026-03-15 04:00:00,27.205
2026-03-15 05:00:00,29.342
2026-03-15 06:00:00,31.387
2026-03-15 07:00:00,32.645
2026-03-15 08:00:00,35.504
2026-03-15 09:00:00,38.879
2026-03-15 10:00:00,42.517
2026-03-15 11:00:00,43.369
2026-03-15 12:00:00,49.249
2026-03-15 13:00:00,49.41
2026-03-15 14:00:00,55.499
2026-03-15 15:00:00,48.363
2026-03-15 16:00:00,45.536
2026-03-15 17:00:00,42.127
2026-03-15 18:00:00,36.885
2026-03-15 19:00:00,35.297
2026-03-15 20:00:00,28.141
2026-03-15 21:00:00,28.281
2026-03-15 22:00:00,26.377
2026-03-15 23:00:00,25.276
2026-03-16 00:00:00,39.965
2026-03-16 01:00:00,41.196
2026-03-16 02:00:00,40.496
2026-03-16 03:00:00,40.193
2026-03-16 04:00:00,39.181
2026-03-16 05:00:00,42.91
2026-03-16 06:00:00,41.323
2026-03-16 07:00:00,48.915
2026-03-16 08:00:00,50.69
2026-03-16 09:00:00,52.693
2026-03-16 10:00:00,62.121
2026-03-16 11:00:00,66.356
2026-03-16 12:00:00,73.9
2026-03-16 13:00:00,79.165
2026-03-16 14:00:00,67.74
2026-03-16 15:00:00,71.161
2026-03-16 16:00:00,65.489
2026-03-16 17:00:00,62.091
2026-03-16 18:00:00,55.02
2026-03-16 19:00:00,47.423
2026-03-16 20:00:00,43.972
2026-03-16 21:00:00,41.374
2026-03-16 22:00:00,44.411
2026-03-16 23:00:00,41.679
2026-03-17 00:00:00,45.145
2026-03-17 01:00:00,41.147
2026-03-17 02:00:00,39.919
2026-03-17 03:00:00,38.484
2026-03-17 04:00:00,38.344
2026-03-17 05:00:00,39.676
2026-03-17 06:00:00,45.282
2026-03-17 07:00:00,48.323
2026-03-17 08:00:00,46.49
2026-03-17 09:00:00,59.116
2026-03-17 10:00:00,61.608
2026-03-17 11:00:00,69.191
2026-03-17 12:00:00,78.162
2026-03-17 13:00:00,77.68
2026-03-17 14:00:00,73.035
2026-03-17 15:00:00,67.988
2026-03-17 16:00:00,59.61
2026-03-17 17:00:00,58.295
2026-03-17 18:00:00,53.949
2026-03-17 19:00:00,46.869
2026-03-17 20:00:00,44.392
2026-03-17 21:00:00,43.255
2026-03-17 22:00:00,41.67
2026-03-17 23:00:00,40.282
2026-03-18 00:00:00,41.574
2026-03-18 01:00:00,42.184
2026-03-18 02:00:00,39.128
2026-03-18 03:00:00,44.572
2026-03-18 04:00:00,41.936
2026-03-18 05:00:00,43.13
2026-03-18 06:00:00,46.267
2026-03-18 07:00:00,47.674
2026-03-18 08:00:00,52.887
2026-03-18 09:00:00,57.456
2026-03-18 10:00:00,61.226
2026-03-18 11:00:00,69.868
2026-03-18 12:00:00,69.079
2026-03-18 13:00:00,75.041
2026-03-18 14:00:00,73.811
2026-03-18 15:00:00,70.142
2026-03-18 16:00:00,65.582
2026-03-18 17:00:00,55.121
2026-03-18 18:00:00,53.097
2026-03-18 19:00:00,49.414
2026-03-18 20:00:00,45.042
2026-03-18 21:00:00,40.875
2026-03-18 22:00:00,44.811
2026-03-18 23:00:00,39.832
2026-03-19 00:00:00,43.224
2026-03-19 01:00:00,42.154
2026-03-19 02:00:00,40.047
2026-03-19 03:00:00,45.33
2026-03-19 04:00:00,39.629
2026-03-19 05:00:00,45.07
2026-03-19 06:00:00,46.92
2026-03-19 07:00:00,45.544
2026-03-19 08:00:00,53.996
2026-03-19 09:00:00,55.989
2026-03-19 10:00:00,63.886
2026-03-19 11:00:00,69.549
2026-03-19 12:00:00,72.406
2026-03-19 13:00:00,77.392
2026-03-19 14:00:00,76.535
2026-03-19 15:00:00,65.284
2026-03-19 16:00:00,69.812
2026-03-19 17:00:00,55.72
2026-03-19 18:00:00,57.088
2026-03-19 19:00:00,51.85
2026-03-19 20:00:00,42.247
2026-03-19 21:00:00,42.204
2026-03-19 22:00:00,39.814
2026-03-19 23:00:00,41.187
2026-03-20 00:00:00,40.591
2026-03-20 01:00:00,42.881
2026-03-20 02:00:00,44.096
2026-03-20 03:00:00,44.54
2026-03-20 04:00:00,40.959
2026-03-20 05:00:00,42.639
2026-03-20 06:00:00,40.924
2026-03-20 07:00:00,45.225
2026-03-20 08:00:00,52.917
2026-03-20 09:00:00,61.083
2026-03-20 10:00:00,59.39
2026-03-20 11:00:00,66.86
2026-03-20 12:00:00,72.761
2026-03-20 13:00:00,75.615
2026-03-20 14:00:00,71.252
2026-03-20 15:00:00,72.136
2026-03-20 16:00:00,64.563
2026-03-20 17:00:00,60.219
2026-03-20 18:00:00,55.86
2026-03-20 19:00:00,49.21
2026-03-20 20:00:00,43.71
2026-03-20 21:00:00,42.853
2026-03-20 22:00:00,41.958
2026-03-20 23:00:00,40.864
2026-03-21 00:00:00,26.45
2026-03-21 01:00:00,28.971
2026-03-21 02:00:00,27.654
2026-03-21 03:00:00,26.663
2026-03-21 04:00:00,28.348
2026-03-21 05:00:00,27.541
2026-03-21 06:00:00,30.749
2026-03-21 07:00:00,31.197
2026-03-21 08:00:00,32.637
2026-03-21 09:00:00,38.356
2026-03-21 10:00:00,39.358
2026-03-21 11:00:00,44.343
2026-03-21 12:00:00,47.218
2026-03-21 13:00:00,51.556
2026-03-21 14:00:00,54.56
2026-03-21 15:00:00,53.297
2026-03-21 16:00:00,46.524
2026-03-21 17:00:00,42.037
2026-03-21 18:00:00,33.858
2026-03-21 19:00:00,31.87
2026-03-21 20:00:00,27.901
2026-03-21 21:00:00,27.139
2026-03-21 22:00:00,27.163
2026-03-21 23:00:00,26.424
2026-03-22 00:00:00,24.145
2026-03-22 01:00:00,27.83
2026-03-22 02:00:00,25.457
2026-03-22 03:00:00,27.386
2026-03-22 04:00:00,30.234
2026-03-22 05:00:00,26.721
2026-03-22 06:00:00,25.371
2026-03-22 07:00:00,30.193
2026-03-22 08:00:00,34.619
2026-03-22 09:00:00,41.037
2026-03-22 10:00:00,40.013
2026-03-22 11:00:00,47.671
2026-03-22 12:00:00,48.779
2026-03-22 13:00:00,51.014
2026-03-22 14:00:00,56.513
2026-03-22 15:00:00,45.643
2026-03-22 16:00:00,45.787
2026-03-22 17:00:00,41.978
2026-03-22 18:00:00,38.594
2026-03-22 19:00:00,32.851
2026-03-22 20:00:00,29.493
2026-03-22 21:00:00,27.46
2026-03-22 22:00:00,27.762
2026-03-22 23:00:00,26.598
2026-03-23 00:00:00,42.507
2026-03-23 01:00:00,40.509
2026-03-23 02:00:00,42.165
2026-03-23 03:00:00,41.574
2026-03-23 04:00:00,44.517
2026-03-23 05:00:00,42.979
2026-03-23 06:00:00,40.723
2026-03-23 07:00:00,50.098
2026-03-23 08:00:00,48.195
2026-03-23 09:00:00,54.887
2026-03-23 10:00:00,61.275
2026-03-23 11:00:00,73.062
2026-03-23 12:00:00,65.809
2026-03-23 13:00:00,85.181
2026-03-23 14:00:00,77.401
2026-03-23 15:00:00,71.503
2026-03-23 16:00:00,65.8
2026-03-23 17:00:00,61.038
2026-03-23 18:00:00,55.797
2026-03-23 19:00:00,50.715
2026-03-23 20:00:00,45.926
2026-03-23 21:00:00,43.282
2026-03-23 22:00:00,41.728
2026-03-23 23:00:00,41.32
2026-03-24 00:00:00,40.824
2026-03-24 01:00:00,43.612
2026-03-24 02:00:00,42.613
2026-03-24 03:00:00,35.514
2026-03-24 04:00:00,43.526
2026-03-24 05:00:00,43.509
2026-03-24 06:00:00,44.643
2026-03-24 07:00:00,46.209
2026-03-24 08:00:00,53.319
2026-03-24 09:00:00,59.259
2026-03-24 10:00:00,60.752
2026-03-24 11:00:00,70.012
2026-03-24 12:00:00,69.646
2026-03-24 13:00:00,70.059
2026-03-24 14:00:00,71.854
2026-03-24 15:00:00,73.518
2026-03-24 16:00:00,68.775
2026-03-24 17:00:00,61.659
2026-03-24 18:00:00,56.312
2026-03-24 19:00:00,50.411
2026-03-24 20:00:00,43.252
2026-03-24 21:00:00,44.02
2026-03-24 22:00:00,43.831
2026-03-24 23:00:00,43.205
2026-03-25 00:00:00,43.677
2026-03-25 01:00:00,42.734
2026-03-25 02:00:00,42.112
2026-03-25 03:00:00,43.862
2026-03-25 04:00:00,42.088
2026-03-25 05:00:00,41.189
2026-03-25 06:00:00,44.321
2026-03-25 07:00:00,45.369
2026-03-25 08:00:00,48.777
2026-03-25 09:00:00,56.278
2026-03-25 10:00:00,60.695
2026-03-25 11:00:00,67.757
2026-03-25 12:00:00,66.607
2026-03-25 13:00:00,75.391
2026-03-25 14:00:00,73.924
2026-03-25 15:00:00,68.222
2026-03-25 16:00:00,67.908
2026-03-25 17:00:00,62.818
2026-03-25 18:00:00,50.424
2026-03-25 19:00:00,47.398
2026-03-25 20:00:00,42.966
2026-03-25 21:00:00,41.064
2026-03-25 22:00:00,43.892
2026-03-25 23:00:00,41.231
2026-03-26 00:00:00,40.681
2026-03-26 01:00:00,37.137
2026-03-26 02:00:00,42.699
2026-03-26 03:00:00,39.055
2026-03-26 04:00:00,42.27
2026-03-26 05:00:00,43.687
2026-03-26 06:00:00,47.725
2026-03-26 07:00:00,44.04
2026-03-26 08:00:00,42.86
2026-03-26 09:00:00,57.174
2026-03-26 10:00:00,68.348
2026-03-26 11:00:00,72.635
2026-03-26 12:00:00,73.539
2026-03-26 13:00:00,73.032
2026-03-26 14:00:00,76.58
2026-03-26 15:00:00,67.728
2026-03-26 16:00:00,67.368
2026-03-26 17:00:00,61.638
2026-03-26 18:00:00,57.158
2026-03-26 19:00:00,55.697
2026-03-26 20:00:00,45.562
2026-03-26 21:00:00,41.993
2026-03-26 22:00:00,42.09
2026-03-26 23:00:00,37.952
2026-03-27 00:00:00,39.794
2026-03-27 01:00:00,40.428
2026-03-27 02:00:00,40.3
2026-03-27 03:00:00,41.952
2026-03-27 04:00:00,40.411
2026-03-27 05:00:00,45.504
2026-03-27 06:00:00,44.685
2026-03-27 07:00:00,47.102
2026-03-27 08:00:00,49.654
2026-03-27 09:00:00,57.096
2026-03-27 10:00:00,65.469
2026-03-27 11:00:00,65.993
2026-03-27 12:00:00,70.679
2026-03-27 13:00:00,73.661
2026-03-27 14:00:00,69.484
2026-03-27 15:00:00,68.215
2026-03-27 16:00:00,64.556
2026-03-27 17:00:00,62.646
2026-03-27 18:00:00,55.144
2026-03-27 19:00:00,49.651
2026-03-27 20:00:00,46.586
2026-03-27 21:00:00,42.793
2026-03-27 22:00:00,42.967
2026-03-27 23:00:00,41.42
2026-03-28 00:00:00,27.152
2026-03-28 01:00:00,26.045
2026-03-28 02:00:00,23.62
2026-03-28 03:00:00,26.881
2026-03-28 04:00:00,29.342
2026-03-28 05:00:00,29.305
2026-03-28 06:00:00,30.447
2026-03-28 07:00:00,32.524
2026-03-28 08:00:00,32.958
2026-03-28 09:00:00,37.912
2026-03-28 10:00:00,41.187
2026-03-28 11:00:00,46.005
2026-03-28 12:00:00,51.096
2026-03-28 13:00:00,53.864
2026-03-28 14:00:00,50.549
2026-03-28 15:00:00,47.801
2026-03-28 16:00:00,45.301
2026-03-28 17:00:00,42.215
2026-03-28 18:00:00,34.444
2026-03-28 19:00:00,29.185
2026-03-28 20:00:00,28.246
2026-03-28 21:00:00,26.299
2026-03-28 22:00:00,26.698
2026-03-28 23:00:00,26.863
2026-03-29 00:00:00,26.19
2026-03-29 01:00:00,28.775
2026-03-29 02:00:00,27.339
2026-03-29 03:00:00,27.469
2026-03-29 04:00:00,28.246
2026-03-29 05:00:00,26.413
2026-03-29 06:00:00,30.554
2026-03-29 07:00:00,30.515
2026-03-29 08:00:00,33.913
2026-03-29 09:00:00,35.66
2026-03-29 10:00:00,39.391
2026-03-29 11:00:00,48.33
2026-03-29 12:00:00,50.583
2026-03-29 13:00:00,49.282
2026-03-29 14:00:00,48.985
2026-03-29 15:00:00,51.031
2026-03-29 16:00:00,43.018
2026-03-29 17:00:00,44.063
2026-03-29 18:00:00,35.335
2026-03-29 19:00:00,33.679
2026-03-29 20:00:00,28.568
2026-03-29 21:00:00,28.853
2026-03-29 22:00:00,26.648
2026-03-29 23:00:00,26.842
2026-03-30 00:00:00,41.31
2026-03-30 01:00:00,39.204
2026-03-30 02:00:00,42.917
2026-03-30 03:00:00,40.566
2026-03-30 04:00:00,41.662
2026-03-30 05:00:00,40.947
2026-03-30 06:00:00,38.96
2026-03-30 07:00:00,46.674
2026-03-30 08:00:00,56.571
2026-03-30 09:00:00,58.814
2026-03-30 10:00:00,62.977
2026-03-30 11:00:00,67.899
2026-03-30 12:00:00,72.922
2026-03-30 13:00:00,76.509
2026-03-30 14:00:00,70.028
2026-03-30 15:00:00,74.313
2026-03-30 16:00:00,68.073
2026-03-30 17:00:00,62.219
2026-03-30 18:00:00,55.588
2026-03-30 19:00:00,49.241
2026-03-30 20:00:00,46.188
2026-03-30 21:00:00,44.364
2026-03-30 22:00:00,41.398
2026-03-30 23:00:00,40.441
2026-03-31 00:00:00,41.436
2026-03-31 01:00:00,44.469
2026-03-31 02:00:00,38.82
2026-03-31 03:00:00,38.58
2026-03-31 04:00:00,42.491
2026-03-31 05:00:00,43.199
2026-03-31 06:00:00,45.072
2026-03-31 07:00:00,47.699
2026-03-31 08:00:00,49.918
2026-03-31 09:00:00,60.74
2026-03-31 10:00:00,58.308
2026-03-31 11:00:00,66.115
2026-03-31 12:00:00,72.508
2026-03-31 13:00:00,69.177
2026-03-31 14:00:00,73.341
2026-03-31 15:00:00,76.038
2026-03-31 16:00:00,66.024
2026-03-31 17:00:00,60.888
2026-03-31 18:00:00,51.301
2026-03-31 19:00:00,47.742
2026-03-31 20:00:00,43.847
2026-03-31 21:00:00,42.405
2026-03-31 22:00:00,44.845
2026-03-31 23:00:00,42.796
2026-04-01 00:00:00,38.557
2026-04-01 01:00:00,41.375
2026-04-01 02:00:00,42.004
2026-04-01 03:00:00,43.581
2026-04-01 04:00:00,45.033
2026-04-01 05:00:00,40.505
2026-04-01 06:00:00,42.457
2026-04-01 07:00:00,43.732
2026-04-01 08:00:00,49.406
2026-04-01 09:00:00,57.403
2026-04-01 10:00:00,65.347
2026-04-01 11:00:00,67.878
2026-04-01 12:00:00,71.164
2026-04-01 13:00:00,74.53
2026-04-01 14:00:00,70.554
2026-04-01 15:00:00,76.712
2026-04-01 16:00:00,60.689
2026-04-01 17:00:00,60.228
2026-04-01 18:00:00,59.05
2026-04-01 19:00:00,48.753
2026-04-01 20:00:00,43.831
2026-04-01 21:00:00,41.908
2026-04-01 22:00:00,41.358
2026-04-01 23:00:00,44.061
2026-04-02 00:00:00,36.311
2026-04-02 01:00:00,44.005
2026-04-02 02:00:00,38.065
2026-04-02 03:00:00,40.681
2026-04-02 04:00:00,40.839
2026-04-02 05:00:00,43.927
2026-04-02 06:00:00,40.715
2026-04-02 07:00:00,47.745
2026-04-02 08:00:00,55.051
2026-04-02 09:00:00,52.457
2026-04-02 10:00:00,63.015
2026-04-02 11:00:00,66.048
2026-04-02 12:00:00,73.598
2026-04-02 13:00:00,74.091
2026-04-02 14:00:00,71.186
2026-04-02 15:00:00,71.71
2026-04-02 16:00:00,70.663
2026-04-02 17:00:00,59.212
2026-04-02 18:00:00,55.791
2026-04-02 19:00:00,45.72
2026-04-02 20:00:00,42.135
2026-04-02 21:00:00,43.679
2026-04-02 22:00:00,44.832
2026-04-02 23:00:00,41.964
2026-04-03 00:00:00,40.187
2026-04-03 01:00:00,40.87
2026-04-03 02:00:00,38.42
2026-04-03 03:00:00,42.477
2026-04-03 04:00:00,43.576
2026-04-03 05:00:00,41.706
2026-04-03 06:00:00,43.211
2026-04-03 07:00:00,47.287
2026-04-03 08:00:00,48.9
2026-04-03 09:00:00,55.963
2026-04-03 10:00:00,68.598
2026-04-03 11:00:00,67.344
2026-04-03 12:00:00,71.039
2026-04-03 13:00:00,71.881
2026-04-03 14:00:00,75.709
2026-04-03 15:00:00,69.62
2026-04-03 16:00:00,63.491
2026-04-03 17:00:00,63.301
2026-04-03 18:00:00,57.54
2026-04-03 19:00:00,47.336
2026-04-03 20:00:00,40.121
2026-04-03 21:00:00,44.821
2026-04-03 22:00:00,40.306
2026-04-03 23:00:00,42.86
2026-04-04 00:00:00,23.923
2026-04-04 01:00:00,27.752
2026-04-04 02:00:00,25.026
2026-04-04 03:00:00,27.779
2026-04-04 04:00:00,27.147
2026-04-04 05:00:00,26.413
2026-04-04 06:00:00,28.178
2026-04-04 07:00:00,31.374
2026-04-04 08:00:00,32.666
2026-04-04 09:00:00,38.244
2026-04-04 10:00:00,45.755
2026-04-04 11:00:00,43.08
2026-04-04 12:00:00,52.791
2026-04-04 13:00:00,51.047
2026-04-04 14:00:00,48.525
2026-04-04 15:00:00,45.625
2026-04-04 16:00:00,44.568
2026-04-04 17:00:00,42.423
2026-04-04 18:00:00,36.287
2026-04-04 19:00:00,34.696
2026-04-04 20:00:00,26.676
2026-04-04 21:00:00,27.719
2026-04-04 22:00:00,25.429
2026-04-04 23:00:00,27.287
2026-04-05 00:00:00,27.713
2026-04-05 01:00:00,26.008
2026-04-05 02:00:00,23.17
2026-04-05 03:00:00,27.066
2026-04-05 04:00:00,27.72
2026-04-05 05:00:00,28.297
2026-04-05 06:00:00,30.54
2026-04-05 07:00:00,28.709
2026-04-05 08:00:00,33.6
2026-04-05 09:00:00,39.313
2026-04-05 10:00:00,38.62
2026-04-05 11:00:00,46.904
2026-04-05 12:00:00,48.291
2026-04-05 13:00:00,50.647
2026-04-05 14:00:00,51.17
2026-04-05 15:00:00,47.337
2026-04-05 16:00:00,43.644
2026-04-05 17:00:00,40.863
2026-04-05 18:00:00,34.728
2026-04-05 19:00:00,30.757
2026-04-05 20:00:00,29.74
2026-04-05 21:00:00,26.143
2026-04-05 22:00:00,28.031
2026-04-05 23:00:00,27.42
2026-04-06 00:00:00,37.303
2026-04-06 01:00:00,39.487
2026-04-06 02:00:00,43.43
2026-04-06 03:00:00,39.208
2026-04-06 04:00:00,40.766
2026-04-06 05:00:00,43.657
2026-04-06 06:00:00,45.984
2026-04-06 07:00:00,46.08
2026-04-06 08:00:00,48.498
2026-04-06 09:00:00,59.988
2026-04-06 10:00:00,67.543
2026-04-06 11:00:00,71.173
2026-04-06 12:00:00,72.487
2026-04-06 13:00:00,71.348
2026-04-06 14:00:00,70.57
2026-04-06 15:00:00,71.818
2026-04-06 16:00:00,66.612
2026-04-06 17:00:00,63.518
2026-04-06 18:00:00,55.617
2026-04-06 19:00:00,45.23
2026-04-06 20:00:00,46.579
2026-04-06 21:00:00,40.542
2026-04-06 22:00:00,40.934
2026-04-06 23:00:00,41.746
2026-04-07 00:00:00,44.899
2026-04-07 01:00:00,47.227
2026-04-07 02:00:00,42.226
2026-04-07 03:00:00,40.853
2026-04-07 04:00:00,42.85
2026-04-07 05:00:00,44.565
2026-04-07 06:00:00,43.542
2026-04-07 07:00:00,50.856
2026-04-07 08:00:00,50.566
2026-04-07 09:00:00,57.488
2026-04-07 10:00:00,64.407
2026-04-07 11:00:00,69.432
2026-04-07 12:00:00,74.947
2026-04-07 13:00:00,71.981
2026-04-07 14:00:00,71.458
2026-04-07 15:00:00,66.751
2026-04-07 16:00:00,66.673
2026-04-07 17:00:00,61.834
2026-04-07 18:00:00,55.136
2026-04-07 19:00:00,52.644
2026-04-07 20:00:00,44.239
2026-04-07 21:00:00,44.098
2026-04-07 22:00:00,39.457
2026-04-07 23:00:00,40.432
2026-04-08 00:00:00,42.246
2026-04-08 01:00:00,42.607
2026-04-08 02:00:00,40.38
2026-04-08 03:00:00,41.083
2026-04-08 04:00:00,38.567
2026-04-08 05:00:00,41.909
2026-04-08 06:00:00,46.221
2026-04-08 07:00:00,48.009
2026-04-08 08:00:00,51.243
2026-04-08 09:00:00,56.277
2026-04-08 10:00:00,62.481
2026-04-08 11:00:00,66.054
2026-04-08 12:00:00,74.489
2026-04-08 13:00:00,75.423
2026-04-08 14:00:00,74.886
2026-04-08 15:00:00,68.543
2026-04-08 16:00:00,59.094
2026-04-08 17:00:00,62.695
2026-04-08 18:00:00,52.795
2026-04-08 19:00:00,46.724
2026-04-08 20:00:00,45.785
2026-04-08 21:00:00,41.835
2026-04-08 22:00:00,43.947
2026-04-08 23:00:00,42.502
2026-04-09 00:00:00,42.221
2026-04-09 01:00:00,38.08
2026-04-09 02:00:00,43.466
2026-04-09 03:00:00,41.769
2026-04-09 04:00:00,40.964
2026-04-09 05:00:00,42.977
2026-04-09 06:00:00,40.321
2026-04-09 07:00:00,47.62
2026-04-09 08:00:00,47.418
2026-04-09 09:00:00,52.485
2026-04-09 10:00:00,58.011
2026-04-09 11:00:00,71.591
2026-04-09 12:00:00,70.154
2026-04-09 13:00:00,79.112
2026-04-09 14:00:00,71.531
2026-04-09 15:00:00,64.854
2026-04-09 16:00:00,62.125
2026-04-09 17:00:00,63.069
2026-04-09 18:00:00,53.602
2026-04-09 19:00:00,47.458
2026-04-09 20:00:00,44.605
2026-04-09 21:00:00,43.742
2026-04-09 22:00:00,44.066
2026-04-09 23:00:00,44.217
2026-04-10 00:00:00,40.091
2026-04-10 01:00:00,38.162
2026-04-10 02:00:00,40.135
2026-04-10 03:00:00,41.767
2026-04-10 04:00:00,39.724
2026-04-10 05:00:00,40.629
2026-04-10 06:00:00,45.012
2026-04-10 07:00:00,46.553
2026-04-10 08:00:00,50.073
2026-04-10 09:00:00,54.091
2026-04-10 10:00:00,61.787
2026-04-10 11:00:00,65.229
2026-04-10 12:00:00,75.114
2026-04-10 13:00:00,77.459
2026-04-10 14:00:00,67.254
2026-04-10 15:00:00,67.283
2026-04-10 16:00:00,61.014
2026-04-10 17:00:00,57.971
2026-04-10 18:00:00,53.783
2026-04-10 19:00:00,45.355
2026-04-10 20:00:00,42.211
2026-04-10 21:00:00,40.529
2026-04-10 22:00:00,42.167
2026-04-10 23:00:00,41.373
2026-04-11 00:00:00,25.579
2026-04-11 01:00:00,26.801
2026-04-11 02:00:00,25.911
2026-04-11 03:00:00,26.436
2026-04-11 04:00:00,29.397
2026-04-11 05:00:00,29.595
2026-04-11 06:00:00,26.894
2026-04-11 07:00:00,31.592
2026-04-11 08:00:00,33.813
2026-04-11 09:00:00,35.199
2026-04-11 10:00:00,43.555
2026-04-11 11:00:00,49.377
2026-04-11 12:00:00,46.979
2026-04-11 13:00:00,48.845
2026-04-11 14:00:00,52.591
2026-04-11 15:00:00,48.877
2026-04-11 16:00:00,45.975
2026-04-11 17:00:00,41.402
2026-04-11 18:00:00,37.129
2026-04-11 19:00:00,30.392
2026-04-11 20:00:00,30.269
2026-04-11 21:00:00,29.358
2026-04-11 22:00:00,26.816
2026-04-11 23:00:00,26.742
2026-04-12 00:00:00,24.505
2026-04-12 01:00:00,27.25
2026-04-12 02:00:00,27.401
2026-04-12 03:00:00,26.716
2026-04-12 04:00:00,28.653
2026-04-12 05:00:00,27.273
2026-04-12 06:00:00,29.575
2026-04-12 07:00:00,28.787
2026-04-12 08:00:00,32.456
2026-04-12 09:00:00,36.911
2026-04-12 10:00:00,42.427
2026-04-12 11:00:00,45.505
2026-04-12 12:00:00,49.081
2026-04-12 13:00:00,52.602
2026-04-12 14:00:00,49.505
2026-04-12 15:00:00,45.064
2026-04-12 16:00:00,48.252
2026-04-12 17:00:00,43.231
2026-04-12 18:00:00,34.395
2026-04-12 19:00:00,33.45
2026-04-12 20:00:00,28.04
2026-04-12 21:00:00,28.102
2026-04-12 22:00:00,27.527
2026-04-12 23:00:00,26.486
2026-04-13 00:00:00,39.226
2026-04-13 01:00:00,39.46
2026-04-13 02:00:00,39.105
2026-04-13 03:00:00,39.516
2026-04-13 04:00:00,41.595
2026-04-13 05:00:00,41.144
2026-04-13 06:00:00,45.76
2026-04-13 07:00:00,50.137
2026-04-13 08:00:00,48.542
2026-04-13 09:00:00,56.789
2026-04-13 10:00:00,63.921
2026-04-13 11:00:00,69.59
2026-04-13 12:00:00,72.456
2026-04-13 13:00:00,76.489
2026-04-13 14:00:00,74.854
2026-04-13 15:00:00,66.321
2026-04-13 16:00:00,67.929
2026-04-13 17:00:00,62.127
2026-04-13 18:00:00,52.084
2026-04-13 19:00:00,48.826
2026-04-13 20:00:00,45.763
2026-04-13 21:00:00,42.224
2026-04-13 22:00:00,43.974
2026-04-13 23:00:00,46.104
2026-04-14 00:00:00,39.221
2026-04-14 01:00:00,38.049
2026-04-14 02:00:00,41.605
2026-04-14 03:00:00,42.718
2026-04-14 04:00:00,41.253
2026-04-14 05:00:00,45.772
2026-04-14 06:00:00,41.289
2026-04-14 07:00:00,48.284
2026-04-14 08:00:00,48.477
2026-04-14 09:00:00,60.79
2026-04-14 10:00:00,68.285
2026-04-14 11:00:00,65.721
2026-04-14 12:00:00,70.415
2026-04-14 13:00:00,76.877
2026-04-14 14:00:00,72.017
2026-04-14 15:00:00,70.044
2026-04-14 16:00:00,65.463
2026-04-14 17:00:00,54.538
2026-04-14 18:00:00,53.957
2026-04-14 19:00:00,47.128
2026-04-14 20:00:00,43.16
2026-04-14 21:00:00,45.751
2026-04-14 22:00:00,39.113
2026-04-14 23:00:00,42.907
2026-04-15 00:00:00,40.256
2026-04-15 01:00:00,40.3
2026-04-15 02:00:00,42.602
2026-04-15 03:00:00,41.931
2026-04-15 04:00:00,42.926
2026-04-15 05:00:00,44.737
2026-04-15 06:00:00,43.518
2026-04-15 07:00:00,45.238
2026-04-15 08:00:00,47.279
2026-04-15 09:00:00,53.91
2026-04-15 10:00:00,71.081
2026-04-15 11:00:00,72.003
2026-04-15 12:00:00,67.798
2026-04-15 13:00:00,69.643
2026-04-15 14:00:00,74.853
2026-04-15 15:00:00,71.895
2026-04-15 16:00:00,66.993
2026-04-15 17:00:00,59.039
2026-04-15 18:00:00,53.678
2026-04-15 19:00:00,49.502
2026-04-15 20:00:00,44.441
2026-04-15 21:00:00,37.936
2026-04-15 22:00:00,41.255
2026-04-15 23:00:00,39.475
2026-04-16 00:00:00,41.183
2026-04-16 01:00:00,46.972
2026-04-16 02:00:00,41.736
2026-04-16 03:00:00,40.584
2026-04-16 04:00:00,43.658
2026-04-16 05:00:00,43.701
2026-04-16 06:00:00,45.181
2026-04-16 07:00:00,48.083
2026-04-16 08:00:00,55.132
2026-04-16 09:00:00,53.085
2026-04-16 10:00:00,63.845
2026-04-16 11:00:00,65.223
2026-04-16 12:00:00,74.022
2026-04-16 13:00:00,70.982
2026-04-16 14:00:00,71.918
2026-04-16 15:00:00,69.265
2026-04-16 16:00:00,68.241
2026-04-16 17:00:00,62.211
2026-04-16 18:00:00,50.878
2026-04-16 19:00:00,48.865
2026-04-16 20:00:00,42.681
2026-04-16 21:00:00,39.986
2026-04-16 22:00:00,41.282
2026-04-16 23:00:00,40.594
2026-04-17 00:00:00,45.779
2026-04-17 01:00:00,41.756
2026-04-17 02:00:00,38.16
2026-04-17 03:00:00,40.066
2026-04-17 04:00:00,43.866
2026-04-17 05:00:00,47.127
2026-04-17 06:00:00,40.742
2026-04-17 07:00:00,42.28
2026-04-17 08:00:00,54.668
2026-04-17 09:00:00,57.195
2026-04-17 10:00:00,59.922
2026-04-17 11:00:00,69.785
2026-04-17 12:00:00,63.605
2026-04-17 13:00:00,74.039
2026-04-17 14:00:00,74.35
2026-04-17 15:00:00,73.073
2026-04-17 16:00:00,62.425
2026-04-17 17:00:00,59.96
2026-04-17 18:00:00,51.678
2026-04-17 19:00:00,49.333
2026-04-17 20:00:00,42.27
2026-04-17 21:00:00,41.8
2026-04-17 22:00:00,39.657
2026-04-17 23:00:00,42.573
2026-04-18 00:00:00,27.676
2026-04-18 01:00:00,26.255
2026-04-18 02:00:00,26.69
2026-04-18 03:00:00,24.859
2026-04-18 04:00:00,26.721
2026-04-18 05:00:00,27.666
2026-04-18 06:00:00,32.532
2026-04-18 07:00:00,28.647
2026-04-18 08:00:00,34.873
2026-04-18 09:00:00,38.969
2026-04-18 10:00:00,42.533
2026-04-18 11:00:00,49.825
2026-04-18 12:00:00,50.15
2026-04-18 13:00:00,51.661
2026-04-18 14:00:00,50.319
2026-04-18 15:00:00,50.809
2026-04-18 16:00:00,47.011
2026-04-18 17:00:00,39.704
2026-04-18 18:00:00,34.351
2026-04-18 19:00:00,32.096
2026-04-18 20:00:00,27.613
2026-04-18 21:00:00,27.648
2026-04-18 22:00:00,28.806
2026-04-18 23:00:00,26.187
2026-04-19 00:00:00,26.48
2026-04-19 01:00:00,26.644
2026-04-19 02:00:00,27.769
2026-04-19 03:00:00,23.789
2026-04-19 04:00:00,26.305
2026-04-19 05:00:00,28.029
2026-04-19 06:00:00,30.489
2026-04-19 07:00:00,29.587
2026-04-19 08:00:00,29.446
2026-04-19 09:00:00,38.306
2026-04-19 10:00:00,40.792
2026-04-19 11:00:00,43.84
2026-04-19 12:00:00,48.036
2026-04-19 13:00:00,50.425
2026-04-19 14:00:00,49.149
2026-04-19 15:00:00,43.849
2026-04-19 16:00:00,46.632
2026-04-19 17:00:00,43.044
2026-04-19 18:00:00,37.553
2026-04-19 19:00:00,30.678
2026-04-19 20:00:00,28.473
2026-04-19 21:00:00,27.727
2026-04-19 22:00:00,27.94
2026-04-19 23:00:00,27.695
2026-04-20 00:00:00,39.327
2026-04-20 01:00:00,41.039
2026-04-20 02:00:00,41.92
2026-04-20 03:00:00,44.232
2026-04-20 04:00:00,43.205
2026-04-20 05:00:00,44.354
2026-04-20 06:00:00,44.437
2026-04-20 07:00:00,49.958
2026-04-20 08:00:00,51.016
2026-04-20 09:00:00,53.814
2026-04-20 10:00:00,66.563
2026-04-20 11:00:00,70.295
2026-04-20 12:00:00,70.762
2026-04-20 13:00:00,72.438
2026-04-20 14:00:00,74.248
2026-04-20 15:00:00,71.633
2026-04-20 16:00:00,65.965
2026-04-20 17:00:00,60.57
2026-04-20 18:00:00,58.241
2026-04-20 19:00:00,51.238
2026-04-20 20:00:00,44.673
2026-04-20 21:00:00,44.679
2026-04-20 22:00:00,39.58
2026-04-20 23:00:00,42.051
2026-04-21 00:00:00,44.519
2026-04-21 01:00:00,40.426
2026-04-21 02:00:00,39.246
2026-04-21 03:00:00,39.886
2026-04-21 04:00:00,39.461
2026-04-21 05:00:00,40.997
2026-04-21 06:00:00,43.431
2026-04-21 07:00:00,43.387
2026-04-21 08:00:00,50.03
2026-04-21 09:00:00,58.581
2026-04-21 10:00:00,59.807
2026-04-21 11:00:00,72.86
2026-04-21 12:00:00,73.876
2026-04-21 13:00:00,77.444
2026-04-21 14:00:00,71.133
2026-04-21 15:00:00,72.855
2026-04-21 16:00:00,62.197
2026-04-21 17:00:00,62.135
2026-04-21 18:00:00,54.421
2026-04-21 19:00:00,50.028
2026-04-21 20:00:00,41.65
2026-04-21 21:00:00,40.761
2026-04-21 22:00:00,42.981
2026-04-21 23:00:00,39.275
2026-04-22 00:00:00,41.771
2026-04-22 01:00:00,38.078
2026-04-22 02:00:00,42.721
2026-04-22 03:00:00,38.69
2026-04-22 04:00:00,42.887
2026-04-22 05:00:00,44.006
2026-04-22 06:00:00,42.709
2026-04-22 07:00:00,48.025
2026-04-22 08:00:00,50.642
2026-04-22 09:00:00,54.685
2026-04-22 10:00:00,59.512
2026-04-22 11:00:00,61.987
2026-04-22 12:00:00,73.35
2026-04-22 13:00:00,68.84
2026-04-22 14:00:00,73.591
2026-04-22 15:00:00,69.364
2026-04-22 16:00:00,67.374
2026-04-22 17:00:00,58.912
2026-04-22 18:00:00,53.168
2026-04-22 19:00:00,50.445
2026-04-22 20:00:00,44.992
2026-04-22 21:00:00,43.345
2026-04-22 22:00:00,42.714
2026-04-22 23:00:00,38.065
2026-04-23 00:00:00,42.371
2026-04-23 01:00:00,42.123
2026-04-23 02:00:00,38.899
2026-04-23 03:00:00,40.727
2026-04-23 04:00:00,41.653
2026-04-23 05:00:00,42.384
2026-04-23 06:00:00,44.99
2026-04-23 07:00:00,50.007
2026-04-23 08:00:00,52.695
2026-04-23 09:00:00,52.594
2026-04-23 10:00:00,64.279
2026-04-23 11:00:00,72.266
2026-04-23 12:00:00,73.471
2026-04-23 13:00:00,77.644
2026-04-23 14:00:00,79.848
2026-04-23 15:00:00,73.383
2026-04-23 16:00:00,66.117
2026-04-23 17:00:00,62.554
2026-04-23 18:00:00,54.354
2026-04-23 19:00:00,48.793
2026-04-23 20:00:00,43.474
2026-04-23 21:00:00,46.007
2026-04-23 22:00:00,40.027
2026-04-23 23:00:00,44.389
2026-04-24 00:00:00,41.846
2026-04-24 01:00:00,38.012
2026-04-24 02:00:00,41.736
2026-04-24 03:00:00,36.901
2026-04-24 04:00:00,43.04
2026-04-24 05:00:00,44.56
2026-04-24 06:00:00,42.94
2026-04-24 07:00:00,46.955
2026-04-24 08:00:00,54.876
2026-04-24 09:00:00,54.775
2026-04-24 10:00:00,59.365
2026-04-24 11:00:00,72.743
2026-04-24 12:00:00,78.614
2026-04-24 13:00:00,74.04
2026-04-24 14:00:00,76.582
2026-04-24 15:00:00,74.376
2026-04-24 16:00:00,63.218
2026-04-24 17:00:00,58.416
2026-04-24 18:00:00,57.068
2026-04-24 19:00:00,52.669
2026-04-24 20:00:00,45.496
2026-04-24 21:00:00,40.794
2026-04-24 22:00:00,45.881
2026-04-24 23:00:00,40.136
2026-04-25 00:00:00,26.092
2026-04-25 01:00:00,27.021
2026-04-25 02:00:00,28.709
2026-04-25 03:00:00,27.944
2026-04-25 04:00:00,27.69
2026-04-25 05:00:00,28.379
2026-04-25 06:00:00,28.826
2026-04-25 07:00:00,31.18
2026-04-25 08:00:00,28.385
2026-04-25 09:00:00,36.696
2026-04-25 10:00:00,42.458
2026-04-25 11:00:00,43.919
2026-04-25 12:00:00,50.18
2026-04-25 13:00:00,50.382
2026-04-25 14:00:00,54.157
2026-04-25 15:00:00,51.519
2026-04-25 16:00:00,44.043
2026-04-25 17:00:00,40.538
2026-04-25 18:00:00,36.374
2026-04-25 19:00:00,31.719
2026-04-25 20:00:00,29.044
2026-04-25 21:00:00,26.685
2026-04-25 22:00:00,25.594
2026-04-25 23:00:00,27.634
2026-04-26 00:00:00,27.372
2026-04-26 01:00:00,25.498
2026-04-26 02:00:00,27.831
2026-04-26 03:00:00,25.953
2026-04-26 04:00:00,27.471
2026-04-26 05:00:00,28.874
2026-04-26 06:00:00,28.715
2026-04-26 07:00:00,31.023
2026-04-26 08:00:00,31.655
2026-04-26 09:00:00,36.872
2026-04-26 10:00:00,41.608
2026-04-26 11:00:00,44.74
2026-04-26 12:00:00,48.985
2026-04-26 13:00:00,47.486
2026-04-26 14:00:00,49.39
2026-04-26 15:00:00,47.747
2026-04-26 16:00:00,44.441
2026-04-26 17:00:00,40.379
2026-04-26 18:00:00,36.394
2026-04-26 19:00:00,33.131
2026-04-26 20:00:00,30.021
2026-04-26 21:00:00,26.835
2026-04-26 22:00:00,25.496
2026-04-26 23:00:00,25.403
2026-04-27 00:00:00,39.831
2026-04-27 01:00:00,40.152
2026-04-27 02:00:00,39.405
2026-04-27 03:00:00,38.558
2026-04-27 04:00:00,40.783
2026-04-27 05:00:00,43.058
2026-04-27 06:00:00,45.568
2026-04-27 07:00:00,45.366
2026-04-27 08:00:00,48.959
2026-04-27 09:00:00,53.637
2026-04-27 10:00:00,62.369
2026-04-27 11:00:00,65.466
2026-04-27 12:00:00,74.079
2026-04-27 13:00:00,68.107
2026-04-27 14:00:00,72.106
2026-04-27 15:00:00,71.127
2026-04-27 16:00:00,65.926
2026-04-27 17:00:00,67.009
2026-04-27 18:00:00,54.866
2026-04-27 19:00:00,46.394
2026-04-27 20:00:00,44.04
2026-04-27 21:00:00,38.881
2026-04-27 22:00:00,41.567
2026-04-27 23:00:00,39.513
2026-04-28 00:00:00,42.694
2026-04-28 01:00:00,39.748
2026-04-28 02:00:00,40.743
2026-04-28 03:00:00,39.92
2026-04-28 04:00:00,45.363
2026-04-28 05:00:00,41.986
2026-04-28 06:00:00,48.306
2026-04-28 07:00:00,48.566
2026-04-28 08:00:00,51.196
2026-04-28 09:00:00,57.139
2026-04-28 10:00:00,63.612
2026-04-28 11:00:00,62.096
2026-04-28 12:00:00,71.298
2026-04-28 13:00:00,76.829
2026-04-28 14:00:00,73.121
2026-04-28 15:00:00,65.798
2026-04-28 16:00:00,65.236
2026-04-28 17:00:00,64.336
2026-04-28 18:00:00,57.108
2026-04-28 19:00:00,48.593
2026-04-28 20:00:00,46.356
2026-04-28 21:00:00,41.889
2026-04-28 22:00:00,38.179
2026-04-28 23:00:00,39.325
2026-04-29 00:00:00,44.016
2026-04-29 01:00:00,40.312
2026-04-29 02:00:00,40.484
2026-04-29 03:00:00,40.612
2026-04-29 04:00:00,45.708
2026-04-29 05:00:00,46.14
2026-04-29 06:00:00,49.16
2026-04-29 07:00:00,46.296
2026-04-29 08:00:00,50.73
2026-04-29 09:00:00,52.042
2026-04-29 10:00:00,66.778
2026-04-29 11:00:00,64.469
2026-04-29 12:00:00,72.916
2026-04-29 13:00:00,70.39
2026-04-29 14:00:00,71.358
2026-04-29 15:00:00,67.572
2026-04-29 16:00:00,63.612
2026-04-29 17:00:00,58.271
2026-04-29 18:00:00,52.621
2026-04-29 19:00:00,50.682
2026-04-29 20:00:00,41.806
2026-04-29 21:00:00,43.141
2026-04-29 22:00:00,44.276
2026-04-29 23:00:00,40.172
2026-04-30 00:00:00,39.36
2026-04-30 01:00:00,40.4
2026-04-30 02:00:00,43.4
2026-04-30 03:00:00,41.631
2026-04-30 04:00:00,40.626
2026-04-30 05:00:00,43.703
2026-04-30 06:00:00,41.812
2026-04-30 07:00:00,48.257
2026-04-30 08:00:00,51.013
2026-04-30 09:00:00,55.31
2026-04-30 10:00:00,60.009
2026-04-30 11:00:00,65.347
2026-04-30 12:00:00,73.954
2026-04-30 13:00:00,78.101
2026-04-30 14:00:00,71.2
2026-04-30 15:00:00,71.618
2026-04-30 16:00:00,59.288
2026-04-30 17:00:00,58.148
2026-04-30 18:00:00,53.914
2026-04-30 19:00:00,46.615
2026-04-30 20:00:00,42.179
2026-04-30 21:00:00,41.246
2026-04-30 22:00:00,42.345
2026-04-30 23:00:00,40.844
2026-05-01 00:00:00,34.835
2026-05-01 01:00:00,35.105
2026-05-01 02:00:00,38.181
2026-05-01 03:00:00,40.52
2026-05-01 04:00:00,34.59
2026-05-01 05:00:00,39.973
2026-05-01 06:00:00,41.397
2026-05-01 07:00:00,47.949
2026-05-01 08:00:00,47.106
2026-05-01 09:00:00,55.016
2026-05-01 10:00:00,60.565
2026-05-01 11:00:00,59.274
2026-05-01 12:00:00,72.057
2026-05-01 13:00:00,72.113
2026-05-01 14:00:00,72.314
2026-05-01 15:00:00,79.517
2026-05-01 16:00:00,57.243
2026-05-01 17:00:00,62.088
2026-05-01 18:00:00,51.341
2026-05-01 19:00:00,47.551
2026-05-01 20:00:00,42.419
2026-05-01 21:00:00,40.128
2026-05-01 22:00:00,38.956
2026-05-01 23:00:00,40.266
2026-05-02 00:00:00,23.562
2026-05-02 01:00:00,26.483
2026-05-02 02:00:00,25.061
2026-05-02 03:00:00,24.294
2026-05-02 04:00:00,25.477
2026-05-02 05:00:00,28.323
2026-05-02 06:00:00,26.896
2026-05-02 07:00:00,29.666
2026-05-02 08:00:00,30.079
2026-05-02 09:00:00,37.118
2026-05-02 10:00:00,41.761
2026-05-02 11:00:00,48.268
2026-05-02 12:00:00,47.338
2026-05-02 13:00:00,50.517
2026-05-02 14:00:00,48.968
2026-05-02 15:00:00,49.261
2026-05-02 16:00:00,42.125
2026-05-02 17:00:00,40.683
2026-05-02 18:00:00,34.916
2026-05-02 19:00:00,31.121
2026-05-02 20:00:00,27.762
2026-05-02 21:00:00,26.985
2026-05-02 22:00:00,25.912
2026-05-02 23:00:00,26.025
2026-05-03 00:00:00,27.508
2026-05-03 01:00:00,26.782
2026-05-03 02:00:00,26.706
2026-05-03 03:00:00,25.162
2026-05-03 04:00:00,24.905
2026-05-03 05:00:00,27.921
2026-05-03 06:00:00,28.846
2026-05-03 07:00:00,31.29
2026-05-03 08:00:00,30.277
2026-05-03 09:00:00,35.451
2026-05-03 10:00:00,37.516
2026-05-03 11:00:00,43.898
2026-05-03 12:00:00,49.728
2026-05-03 13:00:00,48.167
2026-05-03 14:00:00,50.074
2026-05-03 15:00:00,46.362
2026-05-03 16:00:00,44.029
2026-05-03 17:00:00,37.487
2026-05-03 18:00:00,35.353
2026-05-03 19:00:00,26.856
2026-05-03 20:00:00,27.377
2026-05-03 21:00:00,24.476
2026-05-03 22:00:00,27.635
2026-05-03 23:00:00,26.75
2026-05-04 00:00:00,40.14
2026-05-04 01:00:00,42.255
2026-05-04 02:00:00,37.507
2026-05-04 03:00:00,43.075
2026-05-04 04:00:00,41.967
2026-05-04 05:00:00,40.513
2026-05-04 06:00:00,44.93
2026-05-04 07:00:00,42.357
2026-05-04 08:00:00,46.051
2026-05-04 09:00:00,52.441
2026-05-04 10:00:00,58.682
2026-05-04 11:00:00,62.496
2026-05-04 12:00:00,73.484
2026-05-04 13:00:00,70.603
2026-05-04 14:00:00,71.826
2026-05-04 15:00:00,66.026
2026-05-04 16:00:00,57.983
2026-05-04 17:00:00,58.309
2026-05-04 18:00:00,47.439
2026-05-04 19:00:00,46.753
2026-05-04 20:00:00,39.607
2026-05-04 21:00:00,45.071
2026-05-04 22:00:00,41.925
2026-05-04 23:00:00,39.823
2026-05-05 00:00:00,41.703
2026-05-05 01:00:00,37.607
2026-05-05 02:00:00,40.445
2026-05-05 03:00:00,40.009
2026-05-05 04:00:00,40.627
2026-05-05 05:00:00,43.606
2026-05-05 06:00:00,44.073
2026-05-05 07:00:00,45.484
2026-05-05 08:00:00,44.057
2026-05-05 09:00:00,51.528
2026-05-05 10:00:00,59.823
2026-05-05 11:00:00,65.946
2026-05-05 12:00:00,66.104
2026-05-05 13:00:00,79.109
2026-05-05 14:00:00,75.476
2026-05-05 15:00:00,69.544
2026-05-05 16:00:00,63.298
2026-05-05 17:00:00,57.057
2026-05-05 18:00:00,49.745
2026-05-05 19:00:00,47.081
2026-05-05 20:00:00,43.064
2026-05-05 21:00:00,38.452
2026-05-05 22:00:00,40.768
2026-05-05 23:00:00,39.306
2026-05-06 00:00:00,35.483
2026-05-06 01:00:00,37.579
2026-05-06 02:00:00,38.561
2026-05-06 03:00:00,43.352
2026-05-06 04:00:00,41.214
2026-05-06 05:00:00,38.26
2026-05-06 06:00:00,43.549
2026-05-06 07:00:00,41.368
2026-05-06 08:00:00,50.631
2026-05-06 09:00:00,52.798
2026-05-06 10:00:00,59.905
2026-05-06 11:00:00,69.644
2026-05-06 12:00:00,65.612
2026-05-06 13:00:00,66.978
2026-05-06 14:00:00,68.89
2026-05-06 15:00:00,70.852
2026-05-06 16:00:00,58.829
2026-05-06 17:00:00,50.251
2026-05-06 18:00:00,50.947
2026-05-06 19:00:00,48.144
2026-05-06 20:00:00,45.067
2026-05-06 21:00:00,40.048
2026-05-06 22:00:00,39.273
2026-05-06 23:00:00,41.899
2026-05-07 00:00:00,35.558
2026-05-07 01:00:00,38.506
2026-05-07 02:00:00,39.75
2026-05-07 03:00:00,40.503
2026-05-07 04:00:00,39.076
2026-05-07 05:00:00,41.068
2026-05-07 06:00:00,37.226
2026-05-07 07:00:00,43.361
2026-05-07 08:00:00,49.12
2026-05-07 09:00:00,51.47
2026-05-07 10:00:00,60.334
2026-05-07 11:00:00,67.007
2026-05-07 12:00:00,68.574
2026-05-07 13:00:00,71.97
2026-05-07 14:00:00,67.701
2026-05-07 15:00:00,67.117
2026-05-07 16:00:00,64.81
2026-05-07 17:00:00,58.016
2026-05-07 18:00:00,50.622
2026-05-07 19:00:00,47.41
2026-05-07 20:00:00,44.035
2026-05-07 21:00:00,36.795
2026-05-07 22:00:00,42.422
2026-05-07 23:00:00,38.948
2026-05-08 00:00:00,40.059
2026-05-08 01:00:00,41.619
2026-05-08 02:00:00,36.675
2026-05-08 03:00:00,38.208
2026-05-08 04:00:00,39.52
2026-05-08 05:00:00,39.391
2026-05-08 06:00:00,46.204
2026-05-08 07:00:00,42.916
2026-05-08 08:00:00,46.697
2026-05-08 09:00:00,54.552
2026-05-08 10:00:00,56.792
2026-05-08 11:00:00,64.479
2026-05-08 12:00:00,70.644
2026-05-08 13:00:00,70.367
2026-05-08 14:00:00,70.427
2026-05-08 15:00:00,66.149
2026-05-08 16:00:00,58.843
2026-05-08 17:00:00,58.443
2026-05-08 18:00:00,56.246
2026-05-08 19:00:00,46.948
2026-05-08 20:00:00,42.995
2026-05-08 21:00:00,42.418
2026-05-08 22:00:00,37.553
2026-05-08 23:00:00,42.986
2026-05-09 00:00:00,25.754
2026-05-09 01:00:00,27.607
2026-05-09 02:00:00,24.656
2026-05-09 03:00:00,28.089
2026-05-09 04:00:00,27.074
2026-05-09 05:00:00,27.385
2026-05-09 06:00:00,27.959
2026-05-09 07:00:00,28.782
2026-05-09 08:00:00,33.094
2026-05-09 09:00:00,36.076
2026-05-09 10:00:00,36.918
2026-05-09 11:00:00,42.484
2026-05-09 12:00:00,47.317
2026-05-09 13:00:00,49.774
2026-05-09 14:00:00,48.653
2026-05-09 15:00:00,49.111
2026-05-09 16:00:00,39.876
2026-05-09 17:00:00,39.667
2026-05-09 18:00:00,32.382
2026-05-09 19:00:00,32.321
2026-05-09 20:00:00,27.505
2026-05-09 21:00:00,27.208
2026-05-09 22:00:00,24.938
2026-05-09 23:00:00,27.396
2026-05-10 00:00:00,26.824
2026-05-10 01:00:00,26.269
2026-05-10 02:00:00,25.428
2026-05-10 03:00:00,26.495
2026-05-10 04:00:00,25.143
2026-05-10 05:00:00,27.788
2026-05-10 06:00:00,29.914
2026-05-10 07:00:00,30.704
2026-05-10 08:00:00,30.081
2026-05-10 09:00:00,36.449
2026-05-10 10:00:00,38.149
2026-05-10 11:00:00,45.779
2026-05-10 12:00:00,48.615
2026-05-10 13:00:00,45.261
2026-05-10 14:00:00,46.4
2026-05-10 15:00:00,46.181
2026-05-10 16:00:00,42.888
2026-05-10 17:00:00,37.383
2026-05-10 18:00:00,35.827
2026-05-10 19:00:00,31.581
2026-05-10 20:00:00,27.367
2026-05-10 21:00:00,25.641
2026-05-10 22:00:00,27.43
2026-05-10 23:00:00,27.88
2026-05-11 00:00:00,38.276
2026-05-11 01:00:00,38.067
2026-05-11 02:00:00,40.343
2026-05-11 03:00:00,38.904
2026-05-11 04:00:00,39.819
2026-05-11 05:00:00,42.514
2026-05-11 06:00:00,38.457
2026-05-11 07:00:00,47.792
2026-05-11 08:00:00,48.206
2026-05-11 09:00:00,52.953
2026-05-11 10:00:00,59.917
2026-05-11 11:00:00,65.554
2026-05-11 12:00:00,64.219
2026-05-11 13:00:00,76.189
2026-05-11 14:00:00,70.85
2026-05-11 15:00:00,69.066
2026-05-11 16:00:00,65.768
2026-05-11 17:00:00,54.955
2026-05-11 18:00:00,53.168
2026-05-11 19:00:00,46.307
2026-05-11 20:00:00,44.316
2026-05-11 21:00:00,36.637
2026-05-11 22:00:00,39.899
2026-05-11 23:00:00,38.42
2026-05-12 00:00:00,40.073
2026-05-12 01:00:00,40.192
2026-05-12 02:00:00,37.982
2026-05-12 03:00:00,38.203
2026-05-12 04:00:00,39.876
2026-05-12 05:00:00,39.16
2026-05-12 06:00:00,44.306
2026-05-12 07:00:00,44.009
2026-05-12 08:00:00,41.05
2026-05-12 09:00:00,53.048
2026-05-12 10:00:00,57.251
2026-05-12 11:00:00,60.772
2026-05-12 12:00:00,65.768
2026-05-12 13:00:00,71.776
2026-05-12 14:00:00,74.887
2026-05-12 15:00:00,68.677
2026-05-12 16:00:00,61.393
2026-05-12 17:00:00,58.792
2026-05-12 18:00:00,50.928
2026-05-12 19:00:00,45.35
2026-05-12 20:00:00,40.062
2026-05-12 21:00:00,37.407
2026-05-12 22:00:00,39.316
2026-05-12 23:00:00,39.927
2026-05-13 00:00:00,39.035
2026-05-13 01:00:00,38.452
2026-05-13 02:00:00,37.514
2026-05-13 03:00:00,40.818
2026-05-13 04:00:00,37.457
2026-05-13 05:00:00,42.588
2026-05-13 06:00:00,40.385
2026-05-13 07:00:00,43.15
2026-05-13 08:00:00,44.508
2026-05-13 09:00:00,52.719
2026-05-13 10:00:00,62.907
2026-05-13 11:00:00,67.213
2026-05-13 12:00:00,72.717
2026-05-13 13:00:00,73.09
2026-05-13 14:00:00,67.259
2026-05-13 15:00:00,66.744
2026-05-13 16:00:00,60.905
2026-05-13 17:00:00,61.064
2026-05-13 18:00:00,49.157
2026-05-13 19:00:00,48.911
2026-05-13 20:00:00,44.414
2026-05-13 21:00:00,44.748
2026-05-13 22:00:00,39.277
2026-05-13 23:00:00,41.024
2026-05-14 00:00:00,43.7
2026-05-14 01:00:00,38.056
2026-05-14 02:00:00,36.353
2026-05-14 03:00:00,35.89
2026-05-14 04:00:00,41.527
2026-05-14 05:00:00,37.137
2026-05-14 06:00:00,41.724
2026-05-14 07:00:00,45.817
2026-05-14 08:00:00,48.476
2026-05-14 09:00:00,55.127
2026-05-14 10:00:00,60.792
2026-05-14 11:00:00,69.504
2026-05-14 12:00:00,66.662
2026-05-14 13:00:00,69.271
2026-05-14 14:00:00,68.297
2026-05-14 15:00:00,70.228
2026-05-14 16:00:00,65.625
2026-05-14 17:00:00,58.78
2026-05-14 18:00:00,54.873
2026-05-14 19:00:00,44.266
2026-05-14 20:00:00,46.06
2026-05-14 21:00:00,44.12
2026-05-14 22:00:00,41.573
2026-05-14 23:00:00,43.143
2026-05-15 00:00:00,35.976
2026-05-15 01:00:00,38.239
2026-05-15 02:00:00,37.928
2026-05-15 03:00:00,41.043
2026-05-15 04:00:00,37.993
2026-05-15 05:00:00,42.55
2026-05-15 06:00:00,45.429
2026-05-15 07:00:00,46.395
2026-05-15 08:00:00,48.712
2026-05-15 09:00:00,51.456
2026-05-15 10:00:00,57.79
2026-05-15 11:00:00,69.416
2026-05-15 12:00:00,72.092
2026-05-15 13:00:00,71.303
2026-05-15 14:00:00,69.41
2026-05-15 15:00:00,61.658
2026-05-15 16:00:00,60.089
2026-05-15 17:00:00,62.573
2026-05-15 18:00:00,48.956
2026-05-15 19:00:00,47.332
2026-05-15 20:00:00,44.657
2026-05-15 21:00:00,38.425
2026-05-15 22:00:00,40.468
2026-05-15 23:00:00,41.471
2026-05-16 00:00:00,25.512
2026-05-16 01:00:00,29.185
2026-05-16 02:00:00,23.459
2026-05-16 03:00:00,27.112
2026-05-16 04:00:00,25.839
2026-05-16 05:00:00,27.677
2026-05-16 06:00:00,28.245
2026-05-16 07:00:00,28.075
2026-05-16 08:00:00,31.578
2026-05-16 09:00:00,32.702
2026-05-16 10:00:00,41.61
2026-05-16 11:00:00,45.245
2026-05-16 12:00:00,48.998
2026-05-16 13:00:00,51.323
2026-05-16 14:00:00,49.517
2026-05-16 15:00:00,47.022
2026-05-16 16:00:00,41.829
2026-05-16 17:00:00,38.223
2026-05-16 18:00:00,37.073
2026-05-16 19:00:00,33.307
2026-05-16 20:00:00,27.306
2026-05-16 21:00:00,26.71
2026-05-16 22:00:00,24.885
2026-05-16 23:00:00,27.259
2026-05-17 00:00:00,26.344
2026-05-17 01:00:00,28.002
2026-05-17 02:00:00,24.47
2026-05-17 03:00:00,25.262
2026-05-17 04:00:00,26.365
2026-05-17 05:00:00,27.51
2026-05-17 06:00:00,27.337
2026-05-17 07:00:00,27.872
2026-05-17 08:00:00,32.596
2026-05-17 09:00:00,37.056
2026-05-17 10:00:00,38.837
2026-05-17 11:00:00,47.307
2026-05-17 12:00:00,50.082
2026-05-17 13:00:00,49.41
2026-05-17 14:00:00,48.93
2026-05-17 15:00:00,47.814
2026-05-17 16:00:00,41.864
2026-05-17 17:00:00,39.476
2026-05-17 18:00:00,31.86
2026-05-17 19:00:00,32.492
2026-05-17 20:00:00,25.478
2026-05-17 21:00:00,28.652
2026-05-17 22:00:00,25.634
2026-05-17 23:00:00,25.476
2026-05-18 00:00:00,37.994
2026-05-18 01:00:00,38.703
2026-05-18 02:00:00,42.168
2026-05-18 03:00:00,34.686
2026-05-18 04:00:00,42.658
2026-05-18 05:00:00,41.69
2026-05-18 06:00:00,39.95
2026-05-18 07:00:00,42.426
2026-05-18 08:00:00,52.057
2026-05-18 09:00:00,51.566
2026-05-18 10:00:00,56.929
2026-05-18 11:00:00,69.079
2026-05-18 12:00:00,70.71
2026-05-18 13:00:00,68.44
2026-05-18 14:00:00,71.399
2026-05-18 15:00:00,64.659
2026-05-18 16:00:00,66.188
2026-05-18 17:00:00,60.365
2026-05-18 18:00:00,53.309
2026-05-18 19:00:00,47.718
2026-05-18 20:00:00,46.26
2026-05-18 21:00:00,40.997
2026-05-18 22:00:00,37.729
2026-05-18 23:00:00,40.504
2026-05-19 00:00:00,43.316
2026-05-19 01:00:00,37.276
2026-05-19 02:00:00,38.664
2026-05-19 03:00:00,40.438
2026-05-19 04:00:00,39.99
2026-05-19 05:00:00,38.984
2026-05-19 06:00:00,44.901
2026-05-19 07:00:00,50.038
2026-05-19 08:00:00,48.502
2026-05-19 09:00:00,51.673
2026-05-19 10:00:00,55.818
2026-05-19 11:00:00,66.44
2026-05-19 12:00:00,73.11
2026-05-19 13:00:00,72.941
2026-05-19 14:00:00,70.713
2026-05-19 15:00:00,65.969
2026-05-19 16:00:00,60.029
2026-05-19 17:00:00,59.776
2026-05-19 18:00:00,54.225
2026-05-19 19:00:00,43.442
2026-05-19 20:00:00,45.895
2026-05-19 21:00:00,42.174
2026-05-19 22:00:00,42.904
2026-05-19 23:00:00,36.955
2026-05-20 00:00:00,36.546
2026-05-20 01:00:00,38.976
2026-05-20 02:00:00,40.365
2026-05-20 03:00:00,43.172
2026-05-20 04:00:00,41.514
2026-05-20 05:00:00,40.5
2026-05-20 06:00:00,40.334
2026-05-20 07:00:00,47.594
2026-05-20 08:00:00,45.714
2026-05-20 09:00:00,58.252
2026-05-20 10:00:00,59.369
2026-05-20 11:00:00,70.439
2026-05-20 12:00:00,71.777
2026-05-20 13:00:00,70.991
2026-05-20 14:00:00,69.091
2026-05-20 15:00:00,66.714
2026-05-20 16:00:00,64.299
2026-05-20 17:00:00,57.808
2026-05-20 18:00:00,50.605
2026-05-20 19:00:00,46.536
2026-05-20 20:00:00,42.683
2026-05-20 21:00:00,36.634
2026-05-20 22:00:00,41.017
2026-05-20 23:00:00,37.673
2026-05-21 00:00:00,36.963
2026-05-21 01:00:00,35.956
2026-05-21 02:00:00,35.844
2026-05-21 03:00:00,36.929
2026-05-21 04:00:00,38.677
2026-05-21 05:00:00,45.001
2026-05-21 06:00:00,41.398
2026-05-21 07:00:00,45.235
2026-05-21 08:00:00,48.993
2026-05-21 09:00:00,54.362
2026-05-21 10:00:00,59.95
2026-05-21 11:00:00,62.08
2026-05-21 12:00:00,74.198
2026-05-21 13:00:00,77.183
2026-05-21 14:00:00,65.443
2026-05-21 15:00:00,64.664
2026-05-21 16:00:00,62.31
2026-05-21 17:00:00,55.102
2026-05-21 18:00:00,53.246
2026-05-21 19:00:00,45.275
2026-05-21 20:00:00,47.118
2026-05-21 21:00:00,43.438
2026-05-21 22:00:00,40.524
2026-05-21 23:00:00,41.648
2026-05-22 00:00:00,41.394
2026-05-22 01:00:00,38.161
2026-05-22 02:00:00,37.769
2026-05-22 03:00:00,39.768
2026-05-22 04:00:00,41.826
2026-05-22 05:00:00,41.283
2026-05-22 06:00:00,39.163
2026-05-22 07:00:00,43.037
2026-05-22 08:00:00,47.853
2026-05-22 09:00:00,53.825
2026-05-22 10:00:00,65.708
2026-05-22 11:00:00,61.508
2026-05-22 12:00:00,71.234
2026-05-22 13:00:00,76.17
2026-05-22 14:00:00,77.843
2026-05-22 15:00:00,66.523
2026-05-22 16:00:00,64.476
2026-05-22 17:00:00,59.088
2026-05-22 18:00:00,52.5
2026-05-22 19:00:00,46.686
2026-05-22 20:00:00,43.443
2026-05-22 21:00:00,35.807
2026-05-22 22:00:00,41.466
2026-05-22 23:00:00,39.863
2026-05-23 00:00:00,25.212
2026-05-23 01:00:00,28.137
2026-05-23 02:00:00,24.73
2026-05-23 03:00:00,25.23
2026-05-23 04:00:00,28.659
2026-05-23 05:00:00,25.54
2026-05-23 06:00:00,26.875
2026-05-23 07:00:00,28.93
2026-05-23 08:00:00,32.533
2026-05-23 09:00:00,36.19
2026-05-23 10:00:00,38.15
2026-05-23 11:00:00,43.625
2026-05-23 12:00:00,46.458
2026-05-23 13:00:00,48.973
2026-05-23 14:00:00,49.636
2026-05-23 15:00:00,47.549
2026-05-23 16:00:00,40.195
2026-05-23 17:00:00,41.221
2026-05-23 18:00:00,35.614
2026-05-23 19:00:00,33.232
2026-05-23 20:00:00,28.249
2026-05-23 21:00:00,28.116
2026-05-23 22:00:00,26.672
2026-05-23 23:00:00,27.482
2026-05-24 00:00:00,26.162
2026-05-24 01:00:00,25.4
2026-05-24 02:00:00,28.502
2026-05-24 03:00:00,26.893
2026-05-24 04:00:00,26.811
2026-05-24 05:00:00,24.948
2026-05-24 06:00:00,25.855
2026-05-24 07:00:00,29.57
2026-05-24 08:00:00,31.447
2026-05-24 09:00:00,34.802
2026-05-24 10:00:00,40.767
2026-05-24 11:00:00,47.761
2026-05-24 12:00:00,49.114
2026-05-24 13:00:00,46.77
2026-05-24 14:00:00,48.541
2026-05-24 15:00:00,45.164
2026-05-24 16:00:00,42.73
2026-05-24 17:00:00,38.727
2026-05-24 18:00:00,34.475
2026-05-24 19:00:00,29.385
2026-05-24 20:00:00,27.459
2026-05-24 21:00:00,25.901
2026-05-24 22:00:00,22.246
2026-05-24 23:00:00,28.392
2026-05-25 00:00:00,41.36
2026-05-25 01:00:00,38.53
2026-05-25 02:00:00,39.413
2026-05-25 03:00:00,37.293
2026-05-25 04:00:00,43.498
2026-05-25 05:00:00,44.887
2026-05-25 06:00:00,42.849
2026-05-25 07:00:00,47.131
2026-05-25 08:00:00,48.452
2026-05-25 09:00:00,50.549
2026-05-25 10:00:00,59.011
2026-05-25 11:00:00,66.062
2026-05-25 12:00:00,68.223
2026-05-25 13:00:00,70.731
2026-05-25 14:00:00,70.434
2026-05-25 15:00:00,67.494
2026-05-25 16:00:00,63.243
2026-05-25 17:00:00,54.853
2026-05-25 18:00:00,50.309
2026-05-25 19:00:00,44.027
2026-05-25 20:00:00,44.594
2026-05-25 21:00:00,36.681
2026-05-25 22:00:00,42.411
2026-05-25 23:00:00,42.359
2026-05-26 00:00:00,38.632
2026-05-26 01:00:00,34.158
2026-05-26 02:00:00,38.664
2026-05-26 03:00:00,39.486
2026-05-26 04:00:00,38.072
2026-05-26 05:00:00,39.941
2026-05-26 06:00:00,45.769
2026-05-26 07:00:00,46.327
2026-05-26 08:00:00,45.811
2026-05-26 09:00:00,49.872
2026-05-26 10:00:00,59.25
2026-05-26 11:00:00,65.026
2026-05-26 12:00:00,71.204
2026-05-26 13:00:00,69.722
2026-05-26 14:00:00,72.324
2026-05-26 15:00:00,73.543
2026-05-26 16:00:00,65.386
2026-05-26 17:00:00,57.483
2026-05-26 18:00:00,51.591
2026-05-26 19:00:00,46.108
2026-05-26 20:00:00,45.026
2026-05-26 21:00:00,39.712
2026-05-26 22:00:00,40.189
2026-05-26 23:00:00,39.715
2026-05-27 00:00:00,38.241
2026-05-27 01:00:00,36.574
2026-05-27 02:00:00,40.011
2026-05-27 03:00:00,39.493
2026-05-27 04:00:00,41.101
2026-05-27 05:00:00,39.904
2026-05-27 06:00:00,45.111
2026-05-27 07:00:00,42.871
2026-05-27 08:00:00,52.143
2026-05-27 09:00:00,49.482
2026-05-27 10:00:00,61.389
2026-05-27 11:00:00,67.093
2026-05-27 12:00:00,67.153
2026-05-27 13:00:00,72.779
2026-05-27 14:00:00,74.733
2026-05-27 15:00:00,61.085
2026-05-27 16:00:00,64.508
2026-05-27 17:00:00,51.131
2026-05-27 18:00:00,49.712
2026-05-27 19:00:00,50.559
2026-05-27 20:00:00,41.279
2026-05-27 21:00:00,38.591
2026-05-27 22:00:00,39.701
2026-05-27 23:00:00,43.709
2026-05-28 00:00:00,35.632
2026-05-28 01:00:00,37.204
2026-05-28 02:00:00,42.324
2026-05-28 03:00:00,43.293
2026-05-28 04:00:00,39.891
2026-05-28 05:00:00,38.458
2026-05-28 06:00:00,46.971
2026-05-28 07:00:00,48.411
2026-05-28 08:00:00,49.661
2026-05-28 09:00:00,51.911
2026-05-28 10:00:00,60.03
2026-05-28 11:00:00,65.185
2026-05-28 12:00:00,70.686
2026-05-28 13:00:00,76.049
2026-05-28 14:00:00,73.478
2026-05-28 15:00:00,64.504
2026-05-28 16:00:00,66.962
2026-05-28 17:00:00,58.421
2026-05-28 18:00:00,53.681
2026-05-28 19:00:00,50.195
2026-05-28 20:00:00,40.153
2026-05-28 21:00:00,40.924
2026-05-28 22:00:00,39.033
2026-05-28 23:00:00,36.508
2026-05-29 00:00:00,39.905
2026-05-29 01:00:00,44.2
2026-05-29 02:00:00,35.753
2026-05-29 03:00:00,39.55
2026-05-29 04:00:00,41.382
2026-05-29 05:00:00,41.25
2026-05-29 06:00:00,42.275
2026-05-29 07:00:00,41.924
2026-05-29 08:00:00,48.59
2026-05-29 09:00:00,52.056
2026-05-29 10:00:00,54.018
2026-05-29 11:00:00,69.251
2026-05-29 12:00:00,72.654
2026-05-29 13:00:00,71.592
2026-05-29 14:00:00,71.439
2026-05-29 15:00:00,70.96
2026-05-29 16:00:00,63.726
2026-05-29 17:00:00,59.956
2026-05-29 18:00:00,51.317
2026-05-29 19:00:00,49.848
2026-05-29 20:00:00,43.198
2026-05-29 21:00:00,41.395
2026-05-29 22:00:00,37.552
2026-05-29 23:00:00,40.182
2026-05-30 00:00:00,24.436
2026-05-30 01:00:00,24.71
2026-05-30 02:00:00,24.551
2026-05-30 03:00:00,24.376
2026-05-30 04:00:00,28.833
2026-05-30 05:00:00,28.422
2026-05-30 06:00:00,30.289
2026-05-30 07:00:00,27.362
2026-05-30 08:00:00,31.331
2026-05-30 09:00:00,33.655
2026-05-30 10:00:00,39.239
2026-05-30 11:00:00,42.872
2026-05-30 12:00:00,50.223
2026-05-30 13:00:00,48.312
2026-05-30 14:00:00,50.946
2026-05-30 15:00:00,47.912
2026-05-30 16:00:00,47.643
2026-05-30 17:00:00,36.927
2026-05-30 18:00:00,37.186
2026-05-30 19:00:00,32.885
2026-05-30 20:00:00,26.29
2026-05-30 21:00:00,27.99
2026-05-30 22:00:00,26.502
2026-05-30 23:00:00,25.456
2026-05-31 00:00:00,24.446
2026-05-31 01:00:00,24.607
2026-05-31 02:00:00,28.217
2026-05-31 03:00:00,25.75
2026-05-31 04:00:00,27.083
2026-05-31 05:00:00,25.595
2026-05-31 06:00:00,26.558
2026-05-31 07:00:00,30.72
2026-05-31 08:00:00,29.113
2026-05-31 09:00:00,35.138
2026-05-31 10:00:00,40.571
2026-05-31 11:00:00,44.88
2026-05-31 12:00:00,47.331
2026-05-31 13:00:00,49.952
2026-05-31 14:00:00,50.18
2026-05-31 15:00:00,48.166
2026-05-31 16:00:00,41.638
2026-05-31 17:00:00,38.945
2026-05-31 18:00:00,37.085
2026-05-31 19:00:00,32.518
2026-05-31 20:00:00,25.738
2026-05-31 21:00:00,27.117
2026-05-31 22:00:00,23.486
2026-05-31 23:00:00,25.809
2026-06-01 00:00:00,41.632
2026-06-01 01:00:00,36.262
2026-06-01 02:00:00,36.578
2026-06-01 03:00:00,39.868
2026-06-01 04:00:00,35.872
2026-06-01 05:00:00,38.485
2026-06-01 06:00:00,42.443
2026-06-01 07:00:00,42.086
2026-06-01 08:00:00,46.011
2026-06-01 09:00:00,54.305
2026-06-01 10:00:00,59.596
2026-06-01 11:00:00,64.605
2026-06-01 12:00:00,66.697
2026-06-01 13:00:00,70.62
2026-06-01 14:00:00,68.424
2026-06-01 15:00:00,67.231
2026-06-01 16:00:00,60.024
2026-06-01 17:00:00,55.558
2026-06-01 18:00:00,48.256
2026-06-01 19:00:00,45.459
2026-06-01 20:00:00,39.543
2026-06-01 21:00:00,37.529
2026-06-01 22:00:00,39.373
2026-06-01 23:00:00,38.809
2026-06-02 00:00:00,39.512
2026-06-02 01:00:00,37.246
2026-06-02 02:00:00,38.949
2026-06-02 03:00:00,39.458
2026-06-02 04:00:00,39.735
2026-06-02 05:00:00,38.102
2026-06-02 06:00:00,41.522
2026-06-02 07:00:00,44.255
2026-06-02 08:00:00,46.577
2026-06-02 09:00:00,47.177
2026-06-02 10:00:00,58.885
2026-06-02 11:00:00,70.265
2026-06-02 12:00:00,66.634
2026-06-02 13:00:00,67.229
2026-06-02 14:00:00,69.935
2026-06-02 15:00:00,66.808
2026-06-02 16:00:00,64.624
2026-06-02 17:00:00,52.85
2026-06-02 18:00:00,52.263
2026-06-02 19:00:00,46.818
2026-06-02 20:00:00,40.921
2026-06-02 21:00:00,40.416
2026-06-02 22:00:00,40.871
2026-06-02 23:00:00,40.076
2026-06-03 00:00:00,35.851
2026-06-03 01:00:00,39.628
2026-06-03 02:00:00,38.047
2026-06-03 03:00:00,38.541
2026-06-03 04:00:00,39.013
2026-06-03 05:00:00,39.444
2026-06-03 06:00:00,43.67
2026-06-03 07:00:00,43.282
2026-06-03 08:00:00,43.954
2026-06-03 09:00:00,51.44
2026-06-03 10:00:00,58.935
2026-06-03 11:00:00,67.405
2026-06-03 12:00:00,69.562
2026-06-03 13:00:00,66.851
2026-06-03 14:00:00,76.355
2026-06-03 15:00:00,66.67
2026-06-03 16:00:00,64.849
2026-06-03 17:00:00,55.636
2026-06-03 18:00:00,51.802
2026-06-03 19:00:00,47.359
2026-06-03 20:00:00,43.725
2026-06-03 21:00:00,41.844
2026-06-03 22:00:00,40.566
2026-06-03 23:00:00,37.796
2026-06-04 00:00:00,36.937
2026-06-04 01:00:00,38.7
2026-06-04 02:00:00,39.951
2026-06-04 03:00:00,37.973
2026-06-04 04:00:00,40.941
2026-06-04 05:00:00,42.629
2026-06-04 06:00:00,39.326
2026-06-04 07:00:00,41.645
2026-06-04 08:00:00,46.234
2026-06-04 09:00:00,53.206
2026-06-04 10:00:00,57.02
2026-06-04 11:00:00,67.762
2026-06-04 12:00:00,69.017
2026-06-04 13:00:00,69.599
2026-06-04 14:00:00,64.435
2026-06-04 15:00:00,62.073
2026-06-04 16:00:00,62.142
2026-06-04 17:00:00,50.648
2026-06-04 18:00:00,52.918
2026-06-04 19:00:00,45.191
2026-06-04 20:00:00,47.897
2026-06-04 21:00:00,44.329
2026-06-04 22:00:00,38.518
2026-06-04 23:00:00,38.197
2026-06-05 00:00:00,39.917
2026-06-05 01:00:00,41.308
2026-06-05 02:00:00,35.044
2026-06-05 03:00:00,34.971
2026-06-05 04:00:00,37.662
2026-06-05 05:00:00,40.901
2026-06-05 06:00:00,42.238
2026-06-05 07:00:00,45.789
2026-06-05 08:00:00,43.768
2026-06-05 09:00:00,46.599
2026-06-05 10:00:00,60.784
2026-06-05 11:00:00,61.42
2026-06-05 12:00:00,61.592
2026-06-05 13:00:00,69.925
2026-06-05 14:00:00,71.211
2026-06-05 15:00:00,65.545
2026-06-05 16:00:00,60.13
2026-06-05 17:00:00,55.616
2026-06-05 18:00:00,49.698
2026-06-05 19:00:00,42.605
2026-06-05 20:00:00,39.741
2026-06-05 21:00:00,40.778
2026-06-05 22:00:00,39.496
2026-06-05 23:00:00,38.724
2026-06-06 00:00:00,23.486
2026-06-06 01:00:00,24.519
2026-06-06 02:00:00,22.11
2026-06-06 03:00:00,25.183
2026-06-06 04:00:00,27.071
2026-06-06 05:00:00,23.929
2026-06-06 06:00:00,26.004
2026-06-06 07:00:00,28.717
2026-06-06 08:00:00,32.16
2026-06-06 09:00:00,34.071
2026-06-06 10:00:00,38.167
2026-06-06 11:00:00,39.746
2026-06-06 12:00:00,46.653
2026-06-06 13:00:00,51.963
2026-06-06 14:00:00,48.068
2026-06-06 15:00:00,45.497
2026-06-06 16:00:00,42.89
2026-06-06 17:00:00,38.373
2026-06-06 18:00:00,33.034
2026-06-06 19:00:00,31.485
2026-06-06 20:00:00,27.092
2026-06-06 21:00:00,25.855
2026-06-06 22:00:00,24.034
2026-06-06 23:00:00,26.587
2026-06-07 00:00:00,25.537
2026-06-07 01:00:00,24.059
2026-06-07 02:00:00,26.053
2026-06-07 03:00:00,24.34
2026-06-07 04:00:00,24.278
2026-06-07 05:00:00,24.851
2026-06-07 06:00:00,24.417
2026-06-07 07:00:00,28.918
2026-06-07 08:00:00,27.493
2026-06-07 09:00:00,32.794
2026-06-07 10:00:00,35.719
2026-06-07 11:00:00,43.306
2026-06-07 12:00:00,46.151
2026-06-07 13:00:00,47.209
2026-06-07 14:00:00,45.46
2026-06-07 15:00:00,43.323
2026-06-07 16:00:00,43.141
2026-06-07 17:00:00,37.49
2026-06-07 18:00:00,34.743
2026-06-07 19:00:00,29.072
2026-06-07 20:00:00,27.032
2026-06-07 21:00:00,27.516
2026-06-07 22:00:00,26.006
2026-06-07 23:00:00,24.446
2026-06-08 00:00:00,38.513
2026-06-08 01:00:00,37.608
2026-06-08 02:00:00,38.185
2026-06-08 03:00:00,37.776
2026-06-08 04:00:00,38.551
2026-06-08 05:00:00,40.164
2026-06-08 06:00:00,39.167
2026-06-08 07:00:00,41.256
2026-06-08 08:00:00,43.328
2026-06-08 09:00:00,48.402
2026-06-08 10:00:00,55.135
2026-06-08 11:00:00,64.293
2026-06-08 12:00:00,65.014
2026-06-08 13:00:00,71.063
2026-06-08 14:00:00,68.906
2026-06-08 15:00:00,60.174
2026-06-08 16:00:00,63.16
2026-06-08 17:00:00,58.059
2026-06-08 18:00:00,48.247
2026-06-08 19:00:00,46.448
2026-06-08 20:00:00,39.449
2026-06-08 21:00:00,39.937
2026-06-08 22:00:00,36.413
2026-06-08 23:00:00,34.958
2026-06-09 00:00:00,37.296
2026-06-09 01:00:00,37.831
2026-06-09 02:00:00,37.411
2026-06-09 03:00:00,36.128
2026-06-09 04:00:00,38.093
2026-06-09 05:00:00,40.278
2026-06-09 06:00:00,41.122
2026-06-09 07:00:00,43.861
2026-06-09 08:00:00,45.001
2026-06-09 09:00:00,55.382
2026-06-09 10:00:00,55.246
2026-06-09 11:00:00,65.247
2026-06-09 12:00:00,71.321
2026-06-09 13:00:00,70.962
2026-06-09 14:00:00,68.184
2026-06-09 15:00:00,64.363
2026-06-09 16:00:00,64.197
2026-06-09 17:00:00,52.434
2026-06-09 18:00:00,48.302
2026-06-09 19:00:00,44.671
2026-06-09 20:00:00,43.765
2026-06-09 21:00:00,40.497
2026-06-09 22:00:00,36.989
2026-06-09 23:00:00,37.805
2026-06-10 00:00:00,36.856
2026-06-10 01:00:00,36.716
2026-06-10 02:00:00,40.038
2026-06-10 03:00:00,35.767
2026-06-10 04:00:00,41.997
2026-06-10 05:00:00,41.388
2026-06-10 06:00:00,43.462
2026-06-10 07:00:00,42.458
2026-06-10 08:00:00,46.212
2026-06-10 09:00:00,48.823
2026-06-10 10:00:00,57.02
2026-06-10 11:00:00,65.265
2026-06-10 12:00:00,71.668
2026-06-10 13:00:00,66.059
2026-06-10 14:00:00,67.689
2026-06-10 15:00:00,65.46
2026-06-10 16:00:00,57.577
2026-06-10 17:00:00,57.507
2026-06-10 18:00:00,48.875
2026-06-10 19:00:00,45.11
2026-06-10 20:00:00,40.283
2026-06-10 21:00:00,38.174
2026-06-10 22:00:00,38.857
2026-06-10 23:00:00,37.987
2026-06-11 00:00:00,37.317
2026-06-11 01:00:00,36.68
2026-06-11 02:00:00,38.78
2026-06-11 03:00:00,41.576
2026-06-11 04:00:00,39.143
2026-06-11 05:00:00,41.722
2026-06-11 06:00:00,38.349
2026-06-11 07:00:00,43.807
2026-06-11 08:00:00,44.006
2026-06-11 09:00:00,48.712
2026-06-11 10:00:00,56.436
2026-06-11 11:00:00,67.296
2026-06-11 12:00:00,70.616
2026-06-11 13:00:00,70.228
2026-06-11 14:00:00,64.141
2026-06-11 15:00:00,65.329
2026-06-11 16:00:00,62.198
2026-06-11 17:00:00,56.46
2026-06-11 18:00:00,46.268
2026-06-11 19:00:00,43.6
2026-06-11 20:00:00,41.082
2026-06-11 21:00:00,40.808
2026-06-11 22:00:00,34.602
2026-06-11 23:00:00,38.09
2026-06-12 00:00:00,38.296
2026-06-12 01:00:00,39.684
2026-06-12 02:00:00,39.492
2026-06-12 03:00:00,39.519
2026-06-12 04:00:00,37.316
2026-06-12 05:00:00,35.951
2026-06-12 06:00:00,40.404
2026-06-12 07:00:00,45.641
2026-06-12 08:00:00,49.805
2026-06-12 09:00:00,54.22
2026-06-12 10:00:00,59.617
2026-06-12 11:00:00,64.934
2026-06-12 12:00:00,66.038
2026-06-12 13:00:00,69.076
2026-06-12 14:00:00,73.874
2026-06-12 15:00:00,63.158
2026-06-12 16:00:00,65.773
2026-06-12 17:00:00,55.207
2026-06-12 18:00:00,53.646
2026-06-12 19:00:00,42.477
2026-06-12 20:00:00,42.422
2026-06-12 21:00:00,38.278
2026-06-12 22:00:00,36.12
2026-06-12 23:00:00,38.82
2026-06-13 00:00:00,25.963
2026-06-13 01:00:00,23.698
2026-06-13 02:00:00,22.951
2026-06-13 03:00:00,24.846
2026-06-13 04:00:00,25.155
2026-06-13 05:00:00,26.541
2026-06-13 06:00:00,28.061
2026-06-13 07:00:00,28.168
2026-06-13 08:00:00,33.072
2026-06-13 09:00:00,35.172
2026-06-13 10:00:00,38.779
2026-06-13 11:00:00,40.422
2026-06-13 12:00:00,45.929
2026-06-13 13:00:00,47.19
2026-06-13 14:00:00,49.418
2026-06-13 15:00:00,46.414
2026-06-13 16:00:00,40.233
2026-06-13 17:00:00,38.673
2026-06-13 18:00:00,35.281
2026-06-13 19:00:00,32.481
2026-06-13 20:00:00,27.978
2026-06-13 21:00:00,26.815
2026-06-13 22:00:00,25.342
2026-06-13 23:00:00,25.445
2026-06-14 00:00:00,26.26
2026-06-14 01:00:00,23.094
2026-06-14 02:00:00,24.377
2026-06-14 03:00:00,23.996
2026-06-14 04:00:00,25.745
2026-06-14 05:00:00,27.422
2026-06-14 06:00:00,25.99
2026-06-14 07:00:00,24.875
2026-06-14 08:00:00,29.641
2026-06-14 09:00:00,36.3
2026-06-14 10:00:00,40.343
2026-06-14 11:00:00,44.278
2026-06-14 12:00:00,45.895
2026-06-14 13:00:00,45.298
2026-06-14 14:00:00,48.538
2026-06-14 15:00:00,43.962
2026-06-14 16:00:00,46.185
2026-06-14 17:00:00,39.325
2026-06-14 18:00:00,33.386
2026-06-14 19:00:00,29.459
2026-06-14 20:00:00,26.665
2026-06-14 21:00:00,25.523
2026-06-14 22:00:00,26.677
2026-06-14 23:00:00,25.193
2026-06-15 00:00:00,36.633
2026-06-15 01:00:00,41.665
2026-06-15 02:00:00,38.264
2026-06-15 03:00:00,39.877
2026-06-15 04:00:00,37.689
2026-06-15 05:00:00,40.464
2026-06-15 06:00:00,41.855
2026-06-15 07:00:00,39.357
2026-06-15 08:00:00,51.252
2026-06-15 09:00:00,55.681
2026-06-15 10:00:00,57.367
2026-06-15 11:00:00,60.623
2026-06-15 12:00:00,68.785
2026-06-15 13:00:00,69.745
2026-06-15 14:00:00,69.881
2026-06-15 15:00:00,66.457
2026-06-15 16:00:00,62.755
2026-06-15 17:00:00,59.662
2026-06-15 18:00:00,51.883
2026-06-15 19:00:00,43.254
2026-06-15 20:00:00,44.022
2026-06-15 21:00:00,43.003
2026-06-15 22:00:00,44.997
2026-06-15 23:00:00,36.244
2026-06-16 00:00:00,38.486
2026-06-16 01:00:00,34.104
2026-06-16 02:00:00,39.226
2026-06-16 03:00:00,37.348
2026-06-16 04:00:00,42.609
2026-06-16 05:00:00,38.203
2026-06-16 06:00:00,37.733
2026-06-16 07:00:00,42.44
2026-06-16 08:00:00,41.962
2026-06-16 09:00:00,54.323
2026-06-16 10:00:00,52.826
2026-06-16 11:00:00,63.912
2026-06-16 12:00:00,61.412
2026-06-16 13:00:00,68.488
2026-06-16 14:00:00,73.796
2026-06-16 15:00:00,66.949
2026-06-16 16:00:00,59.026
2026-06-16 17:00:00,55.939
2026-06-16 18:00:00,50.603
2026-06-16 19:00:00,46.562
2026-06-16 20:00:00,38.398
2026-06-16 21:00:00,40.92
2026-06-16 22:00:00,33.615
2026-06-16 23:00:00,37.191
2026-06-17 00:00:00,37.096
2026-06-17 01:00:00,39.272
2026-06-17 02:00:00,38.213
2026-06-17 03:00:00,35.702
2026-06-17 04:00:00,36.956
2026-06-17 05:00:00,40.137
2026-06-17 06:00:00,41.051
2026-06-17 07:00:00,42.206
2026-06-17 08:00:00,45.441
2026-06-17 09:00:00,54.184
2026-06-17 10:00:00,57.039
2026-06-17 11:00:00,63.573
2026-06-17 12:00:00,74.325
2026-06-17 13:00:00,65.082
2026-06-17 14:00:00,63.171
2026-06-17 15:00:00,68.179
2026-06-17 16:00:00,59.529
2026-06-17 17:00:00,55.216
2026-06-17 18:00:00,48.742
2026-06-17 19:00:00,44.97
2026-06-17 20:00:00,44.508
2026-06-17 21:00:00,41.336
2026-06-17 22:00:00,40.546
2026-06-17 23:00:00,35.682
2026-06-18 00:00:00,35.835
2026-06-18 01:00:00,32.663
2026-06-18 02:00:00,36.625
2026-06-18 03:00:00,40.238
2026-06-18 04:00:00,39.875
2026-06-18 05:00:00,39.302
2026-06-18 06:00:00,41.168
2026-06-18 07:00:00,41.967
2026-06-18 08:00:00,47.037
2026-06-18 09:00:00,54.36
2026-06-18 10:00:00,54.049
2026-06-18 11:00:00,64.701
2026-06-18 12:00:00,70.563
2026-06-18 13:00:00,68.196
2026-06-18 14:00:00,70.93
2026-06-18 15:00:00,74.087
2026-06-18 16:00:00,61.093
2026-06-18 17:00:00,57.008
2026-06-18 18:00:00,48.842
2026-06-18 19:00:00,45.929
2026-06-18 20:00:00,42.163
2026-06-18 21:00:00,40.13
2026-06-18 22:00:00,36.889
2026-06-18 23:00:00,38.797
2026-06-19 00:00:00,40.804
2026-06-19 01:00:00,38.92
2026-06-19 02:00:00,40.006
2026-06-19 03:00:00,37.946
2026-06-19 04:00:00,40.328
2026-06-19 05:00:00,40.297
2026-06-19 06:00:00,39.255
2026-06-19 07:00:00,44.156
2026-06-19 08:00:00,44.252
2026-06-19 09:00:00,50.838
2026-06-19 10:00:00,58.964
2026-06-19 11:00:00,64.694
2026-06-19 12:00:00,64.113
2026-06-19 13:00:00,72.732
2026-06-19 14:00:00,70.539
2026-06-19 15:00:00,63.85
2026-06-19 16:00:00,57.191
2026-06-19 17:00:00,55.653
2026-06-19 18:00:00,49.522
2026-06-19 19:00:00,45.781
2026-06-19 20:00:00,40.466
2026-06-19 21:00:00,35.753
2026-06-19 22:00:00,38.116
2026-06-19 23:00:00,37.814
2026-06-20 00:00:00,25.499
2026-06-20 01:00:00,23.879
2026-06-20 02:00:00,26.893
2026-06-20 03:00:00,22.575
2026-06-20 04:00:00,26.922
2026-06-20 05:00:00,25.543
2026-06-20 06:00:00,27.941
2026-06-20 07:00:00,28.364
2026-06-20 08:00:00,31.989
2026-06-20 09:00:00,34.171
2026-06-20 10:00:00,37.447
2026-06-20 11:00:00,46.155
2026-06-20 12:00:00,46.224
2026-06-20 13:00:00,48.31
2026-06-20 14:00:00,49.96
2026-06-20 15:00:00,43.588
2026-06-20 16:00:00,43.374
2026-06-20 17:00:00,37.426
2026-06-20 18:00:00,34.064
2026-06-20 19:00:00,30.424
2026-06-20 20:00:00,24.78
2026-06-20 21:00:00,24.827
2026-06-20 22:00:00,26.973
2026-06-20 23:00:00,26.067
2026-06-21 00:00:00,24.638
2026-06-21 01:00:00,25.044
2026-06-21 02:00:00,24.446
2026-06-21 03:00:00,26.654
2026-06-21 04:00:00,25.013
2026-06-21 05:00:00,26.132
2026-06-21 06:00:00,28.324
2026-06-21 07:00:00,27.154
2026-06-21 08:00:00,32.623
2026-06-21 09:00:00,32.3
2026-06-21 10:00:00,42.275
2026-06-21 11:00:00,42.764
2026-06-21 12:00:00,45.969
2026-06-21 13:00:00,44.072
2026-06-21 14:00:00,46.621
2026-06-21 15:00:00,43.574
2026-06-21 16:00:00,41.244
2026-06-21 17:00:00,38.167
2026-06-21 18:00:00,35.714
2026-06-21 19:00:00,30.615
2026-06-21 20:00:00,27.201
2026-06-21 21:00:00,24.418
2026-06-21 22:00:00,24.153
2026-06-21 23:00:00,27.205
2026-06-22 00:00:00,36.626
2026-06-22 01:00:00,41.219
2026-06-22 02:00:00,37.706
2026-06-22 03:00:00,38.405
2026-06-22 04:00:00,40.951
2026-06-22 05:00:00,42.27
2026-06-22 06:00:00,40.986
2026-06-22 07:00:00,42.62
2026-06-22 08:00:00,46.43
2026-06-22 09:00:00,53.282
2026-06-22 10:00:00,60.875
2026-06-22 11:00:00,63.842
2026-06-22 12:00:00,69.61
2026-06-22 13:00:00,74.536
2026-06-22 14:00:00,69.959
2026-06-22 15:00:00,66.806
2026-06-22 16:00:00,57.242
2026-06-22 17:00:00,49.393
2026-06-22 18:00:00,51.465
2026-06-22 19:00:00,45.329
2026-06-22 20:00:00,40.153
2026-06-22 21:00:00,40.226
2026-06-22 22:00:00,38.753
2026-06-22 23:00:00,40.566
2026-06-23 00:00:00,38.188
2026-06-23 01:00:00,36.645
2026-06-23 02:00:00,40.06
2026-06-23 03:00:00,37.984
2026-06-23 04:00:00,39.894
2026-06-23 05:00:00,38.794
2026-06-23 06:00:00,39.875
2026-06-23 07:00:00,43.647
2026-06-23 08:00:00,46.591
2026-06-23 09:00:00,53.639
2026-06-23 10:00:00,57.717
2026-06-23 11:00:00,58.488
2026-06-23 12:00:00,66.413
2026-06-23 13:00:00,71.928
2026-06-23 14:00:00,67.896
2026-06-23 15:00:00,65.183
2026-06-23 16:00:00,64.062
2026-06-23 17:00:00,54.225
2026-06-23 18:00:00,46.969
2026-06-23 19:00:00,45.186
2026-06-23 20:00:00,40.216
2026-06-23 21:00:00,37.822
2026-06-23 22:00:00,38.53
2026-06-23 23:00:00,39.345
2026-06-24 00:00:00,38.006
2026-06-24 01:00:00,38.651
2026-06-24 02:00:00,41.631
2026-06-24 03:00:00,37.743
2026-06-24 04:00:00,39.412
2026-06-24 05:00:00,38.731
2026-06-24 06:00:00,39.47
2026-06-24 07:00:00,42.193
2026-06-24 08:00:00,45.446
2026-06-24 09:00:00,53.336
2026-06-24 10:00:00,64.844
2026-06-24 11:00:00,61.747
2026-06-24 12:00:00,66.462
2026-06-24 13:00:00,69.283
2026-06-24 14:00:00,70.003
2026-06-24 15:00:00,66.666
2026-06-24 16:00:00,64.873
2026-06-24 17:00:00,49.908
2026-06-24 18:00:00,45.004
2026-06-24 19:00:00,44.457
2026-06-24 20:00:00,43.475
2026-06-24 21:00:00,36.631
2026-06-24 22:00:00,33.025
2026-06-24 23:00:00,39.498
2026-06-25 00:00:00,38.487
2026-06-25 01:00:00,35.992
2026-06-25 02:00:00,36.289
2026-06-25 03:00:00,36.539
2026-06-25 04:00:00,39.085
2026-06-25 05:00:00,38.498
2026-06-25 06:00:00,42.232
2026-06-25 07:00:00,37.26
2026-06-25 08:00:00,44.566
2026-06-25 09:00:00,49.596
2026-06-25 10:00:00,57.751
2026-06-25 11:00:00,62.264
2026-06-25 12:00:00,70.154
2026-06-25 13:00:00,63.737
2026-06-25 14:00:00,68.938
2026-06-25 15:00:00,67.524
2026-06-25 16:00:00,66.431
2026-06-25 17:00:00,54.804
2026-06-25 18:00:00,51.316
2026-06-25 19:00:00,41.614
2026-06-25 20:00:00,36.285
2026-06-25 21:00:00,41.421
2026-06-25 22:00:00,38.86
2026-06-25 23:00:00,40.664
2026-06-26 00:00:00,35.413
2026-06-26 01:00:00,39.056
2026-06-26 02:00:00,41.737
2026-06-26 03:00:00,39.207
2026-06-26 04:00:00,39.408
2026-06-26 05:00:00,39.76
2026-06-26 06:00:00,37.977
2026-06-26 07:00:00,46.41
2026-06-26 08:00:00,45.139
2026-06-26 09:00:00,53.702
2026-06-26 10:00:00,54.193
2026-06-26 11:00:00,60.399
2026-06-26 12:00:00,72.091
2026-06-26 13:00:00,68.405
2026-06-26 14:00:00,73.218
2026-06-26 15:00:00,65.672
2026-06-26 16:00:00,56.362
2026-06-26 17:00:00,58.264
2026-06-26 18:00:00,49.187
2026-06-26 19:00:00,47.053
2026-06-26 20:00:00,41.266
2026-06-26 21:00:00,36.676
2026-06-26 22:00:00,39.19
2026-06-26 23:00:00,42.618
2026-06-27 00:00:00,25.325
2026-06-27 01:00:00,24.672
2026-06-27 02:00:00,26.145
2026-06-27 03:00:00,25.224
2026-06-27 04:00:00,25.531
2026-06-27 05:00:00,24.423
2026-06-27 06:00:00,27.102
2026-06-27 07:00:00,29.714
2026-06-27 08:00:00,28.999
2026-06-27 09:00:00,37.137
2026-06-27 10:00:00,39.229
2026-06-27 11:00:00,41.791
2026-06-27 12:00:00,48.42
2026-06-27 13:00:00,47.289
2026-06-27 14:00:00,49.021
2026-06-27 15:00:00,44.988
2026-06-27 16:00:00,42.214
2026-06-27 17:00:00,39.199
2026-06-27 18:00:00,34.705
2026-06-27 19:00:00,27.503
2026-06-27 20:00:00,25.287
2026-06-27 21:00:00,27.033
2026-06-27 22:00:00,25.099
2026-06-27 23:00:00,24.307
2026-06-28 00:00:00,23.037
2026-06-28 01:00:00,23.407
2026-06-28 02:00:00,22.302
2026-06-28 03:00:00,24.834
2026-06-28 04:00:00,24.51
2026-06-28 05:00:00,24.584
2026-06-28 06:00:00,26.698
2026-06-28 07:00:00,28.766
2026-06-28 08:00:00,33.432
2026-06-28 09:00:00,32.33
2026-06-28 10:00:00,41.443
2026-06-28 11:00:00,45.309
2026-06-28 12:00:00,44.909
2026-06-28 13:00:00,48.273
2026-06-28 14:00:00,46.616
2026-06-28 15:00:00,45.891
2026-06-28 16:00:00,44.99
2026-06-28 17:00:00,39.383
2026-06-28 18:00:00,35.034
2026-06-28 19:00:00,29.714
2026-06-28 20:00:00,24.801
2026-06-28 21:00:00,25.563
2026-06-28 22:00:00,26.79
2026-06-28 23:00:00,23.055
2026-06-29 00:00:00,36.018
2026-06-29 01:00:00,38.307
2026-06-29 02:00:00,36.291
2026-06-29 03:00:00,36.879
2026-06-29 04:00:00,38.047
2026-06-29 05:00:00,37.029
2026-06-29 06:00:00,39.207
2026-06-29 07:00:00,44.993
2026-06-29 08:00:00,43.517
2026-06-29 09:00:00,48.408
2026-06-29 10:00:00,56.733
2026-06-29 11:00:00,65.958
2026-06-29 12:00:00,67.13
2026-06-29 13:00:00,68.043
2026-06-29 14:00:00,68.935
2026-06-29 15:00:00,60.822
2026-06-29 16:00:00,62.724
2026-06-29 17:00:00,56.983
2026-06-29 18:00:00,49.608
2026-06-29 19:00:00,47.721
2026-06-29 20:00:00,38.891
2026-06-29 21:00:00,41.984
2026-06-29 22:00:00,39.171
2026-06-29 23:00:00,37.755
2026-06-30 00:00:00,37.986
2026-06-30 01:00:00,37.862
2026-06-30 02:00:00,40.499
2026-06-30 03:00:00,36.334
2026-06-30 04:00:00,37.389
2026-06-30 05:00:00,41.802
2026-06-30 06:00:00,39.987
2026-06-30 07:00:00,45.421
2026-06-30 08:00:00,50.517
2026-06-30 09:00:00,51.42
2026-06-30 10:00:00,60.303
2026-06-30 11:00:00,60.474
2026-06-30 12:00:00,70.023
2026-06-30 13:00:00,70.093
2026-06-30 14:00:00,70.238
2026-06-30 15:00:00,64.022
2026-06-30 16:00:00,56.855
2026-06-30 17:00:00,57.285
2026-06-30 18:00:00,45.757
2026-06-30 19:00:00,44.845
2026-06-30 20:00:00,43.154
2026-06-30 21:00:00,40.124
2026-06-30 22:00:00,42.657
2026-06-30 23:00:00,40.369
2026-07-01 00:00:00,37.168
2026-07-01 01:00:00,38.52
2026-07-01 02:00:00,38.481
2026-07-01 03:00:00,35.735
2026-07-01 04:00:00,37.433
2026-07-01 05:00:00,39.035
2026-07-01 06:00:00,37.408
2026-07-01 07:00:00,44.026
2026-07-01 08:00:00,46.465
2026-07-01 09:00:00,48.705
2026-07-01 10:00:00,60.134
2026-07-01 11:00:00,66.546
2026-07-01 12:00:00,69.066
2026-07-01 13:00:00,69.116
2026-07-01 14:00:00,71.257
2026-07-01 15:00:00,68.512
2026-07-01 16:00:00,62.796
2026-07-01 17:00:00,54.449
2026-07-01 18:00:00,51.701
2026-07-01 19:00:00,48.618
2026-07-01 20:00:00,40.406
2026-07-01 21:00:00,44.374
2026-07-01 22:00:00,38.247
2026-07-01 23:00:00,38.868
2026-07-02 00:00:00,37.132
2026-07-02 01:00:00,38.897
2026-07-02 02:00:00,35.212
2026-07-02 03:00:00,37.746
2026-07-02 04:00:00,37.135
2026-07-02 05:00:00,40.433
2026-07-02 06:00:00,43.719
2026-07-02 07:00:00,45.34
2026-07-02 08:00:00,41.471
2026-07-02 09:00:00,58.157
2026-07-02 10:00:00,59.834
2026-07-02 11:00:00,62.159
2026-07-02 12:00:00,68.851
2026-07-02 13:00:00,70.677
2026-07-02 14:00:00,67.392
2026-07-02 15:00:00,67.094
2026-07-02 16:00:00,60.279
2026-07-02 17:00:00,55.519
2026-07-02 18:00:00,49.436
2026-07-02 19:00:00,42.846
2026-07-02 20:00:00,41.952
2026-07-02 21:00:00,41.336
2026-07-02 22:00:00,40.291
2026-07-02 23:00:00,40.396
2026-07-03 00:00:00,39.047
2026-07-03 01:00:00,37.443
2026-07-03 02:00:00,40.191
2026-07-03 03:00:00,36.171
2026-07-03 04:00:00,37.511
2026-07-03 05:00:00,38.225
2026-07-03 06:00:00,43.897
2026-07-03 07:00:00,45.992
2026-07-03 08:00:00,48.197
2026-07-03 09:00:00,55.689
2026-07-03 10:00:00,56.603
2026-07-03 11:00:00,65.466
2026-07-03 12:00:00,67.984
2026-07-03 13:00:00,72.77
2026-07-03 14:00:00,69.086
2026-07-03 15:00:00,65.381
2026-07-03 16:00:00,63.438
2026-07-03 17:00:00,58.777
2026-07-03 18:00:00,49.478
2026-07-03 19:00:00,45.858
2026-07-03 20:00:00,39.444
2026-07-03 21:00:00,35.145
2026-07-03 22:00:00,39.673
2026-07-03 23:00:00,39.987
2026-07-04 00:00:00,25.303
2026-07-04 01:00:00,22.566
2026-07-04 02:00:00,24.632
2026-07-04 03:00:00,22.426
2026-07-04 04:00:00,27.28
2026-07-04 05:00:00,24.687
2026-07-04 06:00:00,28.77
2026-07-04 07:00:00,29.899
2026-07-04 08:00:00,29.206
2026-07-04 09:00:00,33.276
2026-07-04 10:00:00,40.391
2026-07-04 11:00:00,42.254
2026-07-04 12:00:00,47.069
2026-07-04 13:00:00,47.308
2026-07-04 14:00:00,44.379
2026-07-04 15:00:00,41.676
2026-07-04 16:00:00,43.098
2026-07-04 17:00:00,37.807
2026-07-04 18:00:00,33.737
2026-07-04 19:00:00,31.613
2026-07-04 20:00:00,28.66
2026-07-04 21:00:00,25.749
2026-07-04 22:00:00,25.097
2026-07-04 23:00:00,25.854
2026-07-05 00:00:00,23.281
2026-07-05 01:00:00,25.283
2026-07-05 02:00:00,25.764
2026-07-05 03:00:00,26.081
2026-07-05 04:00:00,23.059
2026-07-05 05:00:00,25.111
2026-07-05 06:00:00,25.882
2026-07-05 07:00:00,28.692
2026-07-05 08:00:00,31.318
2026-07-05 09:00:00,37.625
2026-07-05 10:00:00,38.879
2026-07-05 11:00:00,42.916
2026-07-05 12:00:00,49.16
2026-07-05 13:00:00,48.889
2026-07-05 14:00:00,50.467
2026-07-05 15:00:00,46.489
2026-07-05 16:00:00,40.623
2026-07-05 17:00:00,36.531
2026-07-05 18:00:00,32.21
2026-07-05 19:00:00,31.565
2026-07-05 20:00:00,28.68
2026-07-05 21:00:00,28.518
2026-07-05 22:00:00,26.608
2026-07-05 23:00:00,26.69
2026-07-06 00:00:00,37.31
2026-07-06 01:00:00,36.243
2026-07-06 02:00:00,40.211
2026-07-06 03:00:00,39.616
2026-07-06 04:00:00,39.491
2026-07-06 05:00:00,40.939
2026-07-06 06:00:00,42.321
2026-07-06 07:00:00,46.741
2026-07-06 08:00:00,50.097
2026-07-06 09:00:00,54.346
2026-07-06 10:00:00,61.349
2026-07-06 11:00:00,65.953
2026-07-06 12:00:00,66.952
2026-07-06 13:00:00,72.488
2026-07-06 14:00:00,65.156
2026-07-06 15:00:00,69.61
2026-07-06 16:00:00,58.664
2026-07-06 17:00:00,57.275
2026-07-06 18:00:00,49.062
2026-07-06 19:00:00,47.207
2026-07-06 20:00:00,41.577
2026-07-06 21:00:00,36.959
2026-07-06 22:00:00,40.106
2026-07-06 23:00:00,37.684
2026-07-07 00:00:00,40.117
2026-07-07 01:00:00,38.47
2026-07-07 02:00:00,39.335
2026-07-07 03:00:00,36.947
2026-07-07 04:00:00,38.122
2026-07-07 05:00:00,39.24
2026-07-07 06:00:00,43.432
2026-07-07 07:00:00,47.605
2026-07-07 08:00:00,45.157
2026-07-07 09:00:00,55.701
2026-07-07 10:00:00,53.053
2026-07-07 11:00:00,60.932
2026-07-07 12:00:00,65.423
2026-07-07 13:00:00,65.908
2026-07-07 14:00:00,64.575
2026-07-07 15:00:00,67.726
2026-07-07 16:00:00,61.361
2026-07-07 17:00:00,57.513
2026-07-07 18:00:00,52.675
2026-07-07 19:00:00,46.575
2026-07-07 20:00:00,43.018
2026-07-07 21:00:00,40.021
2026-07-07 22:00:00,36.949
2026-07-07 23:00:00,40.858
2026-07-08 00:00:00,37.292
2026-07-08 01:00:00,36.668
2026-07-08 02:00:00,38.229
2026-07-08 03:00:00,37.034
2026-07-08 04:00:00,38.46
2026-07-08 05:00:00,40.852
2026-07-08 06:00:00,42.373
2026-07-08 07:00:00,41.95
2026-07-08 08:00:00,45.903
2026-07-08 09:00:00,55.695
2026-07-08 10:00:00,60.387
2026-07-08 11:00:00,70.541
2026-07-08 12:00:00,71.994
2026-07-08 13:00:00,73.698
2026-07-08 14:00:00,65.177
2026-07-08 15:00:00,68.757
2026-07-08 16:00:00,61.804
2026-07-08 17:00:00,55.146
2026-07-08 18:00:00,51.446
2026-07-08 19:00:00,48.068
2026-07-08 20:00:00,42.691
2026-07-08 21:00:00,38.397
2026-07-08 22:00:00,40.738
2026-07-08 23:00:00,37.568
2026-07-09 00:00:00,38.841
2026-07-09 01:00:00,37.884
2026-07-09 02:00:00,38.15
2026-07-09 03:00:00,40.292
2026-07-09 04:00:00,37.237
2026-07-09 05:00:00,44.067
2026-07-09 06:00:00,37.856
2026-07-09 07:00:00,42.609
2026-07-09 08:00:00,47.922
2026-07-09 09:00:00,54.448
2026-07-09 10:00:00,58.745
2026-07-09 11:00:00,64.273
2026-07-09 12:00:00,69.63
2026-07-09 13:00:00,69.406
2026-07-09 14:00:00,73.72
2026-07-09 15:00:00,68.979
2026-07-09 16:00:00,64.351
2026-07-09 17:00:00,54.089
2026-07-09 18:00:00,50.864
2026-07-09 19:00:00,45.332
2026-07-09 20:00:00,39.554
2026-07-09 21:00:00,40.884
2026-07-09 22:00:00,38.224
2026-07-09 23:00:00,40.077
2026-07-10 00:00:00,36.368
2026-07-10 01:00:00,41.774
2026-07-10 02:00:00,36.843
2026-07-10 03:00:00,39.231
2026-07-10 04:00:00,40.835
2026-07-10 05:00:00,39.015
2026-07-10 06:00:00,43.423
2026-07-10 07:00:00,41.222
2026-07-10 08:00:00,50.467
2026-07-10 09:00:00,52.997
2026-07-10 10:00:00,57.381
2026-07-10 11:00:00,63.562
2026-07-10 12:00:00,70.853
2026-07-10 13:00:00,68.304
2026-07-10 14:00:00,67.138
2026-07-10 15:00:00,65.861
2026-07-10 16:00:00,58.712
2026-07-10 17:00:00,61.18
2026-07-10 18:00:00,49.718
2026-07-10 19:00:00,47.818
2026-07-10 20:00:00,42.084
2026-07-10 21:00:00,38.184
2026-07-10 22:00:00,39.268
2026-07-10 23:00:00,40.326
2026-07-11 00:00:00,24.741
2026-07-11 01:00:00,26.495
2026-07-11 02:00:00,26.352
2026-07-11 03:00:00,26.382
2026-07-11 04:00:00,24.945
2026-07-11 05:00:00,24.695
2026-07-11 06:00:00,26.241
2026-07-11 07:00:00,28.829
2026-07-11 08:00:00,31.418
2026-07-11 09:00:00,31.558
2026-07-11 10:00:00,39.75
2026-07-11 11:00:00,44.169
2026-07-11 12:00:00,46.31
2026-07-11 13:00:00,50.906
2026-07-11 14:00:00,48.778
2026-07-11 15:00:00,48.441
2026-07-11 16:00:00,42.306
2026-07-11 17:00:00,40.286
2026-07-11 18:00:00,37.083
2026-07-11 19:00:00,32.492
2026-07-11 20:00:00,25.593
2026-07-11 21:00:00,25.773
2026-07-11 22:00:00,25.091
2026-07-11 23:00:00,25.84
2026-07-12 00:00:00,25.833
2026-07-12 01:00:00,23.955
2026-07-12 02:00:00,25.157
2026-07-12 03:00:00,22.676
2026-07-12 04:00:00,27.373
2026-07-12 05:00:00,25.436
2026-07-12 06:00:00,27.147
2026-07-12 07:00:00,28.107
2026-07-12 08:00:00,32.335
2026-07-12 09:00:00,30.456
2026-07-12 10:00:00,39.734
2026-07-12 11:00:00,43.665
2026-07-12 12:00:00,45.958
2026-07-12 13:00:00,51.788
2026-07-12 14:00:00,46.164
2026-07-12 15:00:00,47.412
2026-07-12 16:00:00,43.329
2026-07-12 17:00:00,40.822
2026-07-12 18:00:00,33.563
2026-07-12 19:00:00,29.573
2026-07-12 20:00:00,28.555
2026-07-12 21:00:00,26.66
2026-07-12 22:00:00,23.56
2026-07-12 23:00:00,24.543
2026-07-13 00:00:00,39.167
2026-07-13 01:00:00,40.079
2026-07-13 02:00:00,37.262
2026-07-13 03:00:00,33.151
2026-07-13 04:00:00,40.307
2026-07-13 05:00:00,37.71
2026-07-13 06:00:00,37.447
2026-07-13 07:00:00,37.702
2026-07-13 08:00:00,48.966
2026-07-13 09:00:00,53.289
2026-07-13 10:00:00,58.401
2026-07-13 11:00:00,68.524
2026-07-13 12:00:00,70.326
2026-07-13 13:00:00,75.17
2026-07-13 14:00:00,65.162
2026-07-13 15:00:00,66.411
2026-07-13 16:00:00,57.502
2026-07-13 17:00:00,55.964
2026-07-13 18:00:00,50.466
2026-07-13 19:00:00,47.368
2026-07-13 20:00:00,41.743
2026-07-13 21:00:00,41.413
2026-07-13 22:00:00,40.661
2026-07-13 23:00:00,42.986
2026-07-14 00:00:00,37.818
2026-07-14 01:00:00,36.657
2026-07-14 02:00:00,39.047
2026-07-14 03:00:00,37.248
2026-07-14 04:00:00,42.19
2026-07-14 05:00:00,39.592
2026-07-14 06:00:00,40.47
2026-07-14 07:00:00,42.887
2026-07-14 08:00:00,48.741
2026-07-14 09:00:00,52.56
2026-07-14 10:00:00,57.256
2026-07-14 11:00:00,69.337
2026-07-14 12:00:00,65.738
2026-07-14 13:00:00,70.238
2026-07-14 14:00:00,71.444
2026-07-14 15:00:00,61.717
2026-07-14 16:00:00,63.271
2026-07-14 17:00:00,53.863
2026-07-14 18:00:00,52.986
2026-07-14 19:00:00,43.878
2026-07-14 20:00:00,43.091
2026-07-14 21:00:00,42.381
2026-07-14 22:00:00,40.972
2026-07-14 23:00:00,39.293
2026-07-15 00:00:00,37.98
2026-07-15 01:00:00,37.359
2026-07-15 02:00:00,41.409
2026-07-15 03:00:00,37.448
2026-07-15 04:00:00,37.243
2026-07-15 05:00:00,41.497
2026-07-15 06:00:00,39.99
2026-07-15 07:00:00,41.835
2026-07-15 08:00:00,43.655
2026-07-15 09:00:00,51.733
2026-07-15 10:00:00,58.794
2026-07-15 11:00:00,65.156
2026-07-15 12:00:00,71.291
2026-07-15 13:00:00,71.771
2026-07-15 14:00:00,68.854
2026-07-15 15:00:00,65.93
2026-07-15 16:00:00,63.353
2026-07-15 17:00:00,59.786
2026-07-15 18:00:00,51.348
2026-07-15 19:00:00,44.962
2026-07-15 20:00:00,39.581
2026-07-15 21:00:00,37.259
2026-07-15 22:00:00,40.588
2026-07-15 23:00:00,39.927
2026-07-16 00:00:00,39.533
2026-07-16 01:00:00,38.22
2026-07-16 02:00:00,41.285
2026-07-16 03:00:00,37.866
2026-07-16 04:00:00,41.156
2026-07-16 05:00:00,40.083
2026-07-16 06:00:00,40.381
2026-07-16 07:00:00,45.223
2026-07-16 08:00:00,48.014
2026-07-16 09:00:00,53.87
2026-07-16 10:00:00,59.245
2026-07-16 11:00:00,64.33
2026-07-16 12:00:00,75.705
2026-07-16 13:00:00,73.822
2026-07-16 14:00:00,71.661
2026-07-16 15:00:00,66.841
2026-07-16 16:00:00,64.721
2026-07-16 17:00:00,57.866
2026-07-16 18:00:00,51.112
2026-07-16 19:00:00,45.325
2026-07-16 20:00:00,41.48
2026-07-16 21:00:00,33.795
2026-07-16 22:00:00,39.693
2026-07-16 23:00:00,37.857
2026-07-17 00:00:00,41.484
2026-07-17 01:00:00,38.504
2026-07-17 02:00:00,36.279
2026-07-17 03:00:00,38.708
2026-07-17 04:00:00,37.225
2026-07-17 05:00:00,41.111
2026-07-17 06:00:00,42.254
2026-07-17 07:00:00,46.025
2026-07-17 08:00:00,45.19
2026-07-17 09:00:00,53.048
2026-07-17 10:00:00,55.266
2026-07-17 11:00:00,66.503
2026-07-17 12:00:00,69.962
2026-07-17 13:00:00,71.674
2026-07-17 14:00:00,69.445
2026-07-17 15:00:00,67.731
2026-07-17 16:00:00,66.364
2026-07-17 17:00:00,55.822
2026-07-17 18:00:00,51.377
2026-07-17 19:00:00,43.607
2026-07-17 20:00:00,39.84
2026-07-17 21:00:00,40.357
2026-07-17 22:00:00,41.448
2026-07-17 23:00:00,38.308
2026-07-18 00:00:00,24.681
2026-07-18 01:00:00,24.495
2026-07-18 02:00:00,24.401
2026-07-18 03:00:00,25.595
2026-07-18 04:00:00,23.62
2026-07-18 05:00:00,27.776
2026-07-18 06:00:00,26.171
2026-07-18 07:00:00,29.58
2026-07-18 08:00:00,28.641
2026-07-18 09:00:00,36.256
2026-07-18 10:00:00,40.966
2026-07-18 11:00:00,44.601
2026-07-18 12:00:00,44.879
2026-07-18 13:00:00,48.793
2026-07-18 14:00:00,45.574
2026-07-18 15:00:00,45.455
2026-07-18 16:00:00,44.533
2026-07-18 17:00:00,40.054
2026-07-18 18:00:00,34.606
2026-07-18 19:00:00,29.228
2026-07-18 20:00:00,27.945
2026-07-18 21:00:00,26.13
2026-07-18 22:00:00,22.57
2026-07-18 23:00:00,26.21
2026-07-19 00:00:00,24.945
2026-07-19 01:00:00,26.507
2026-07-19 02:00:00,23.699
2026-07-19 03:00:00,21.217
2026-07-19 04:00:00,25.888
2026-07-19 05:00:00,26.485
2026-07-19 06:00:00,24.783
2026-07-19 07:00:00,27.152
2026-07-19 08:00:00,34.796
2026-07-19 09:00:00,34.644
2026-07-19 10:00:00,41.071
2026-07-19 11:00:00,42.624
2026-07-19 12:00:00,42.69
2026-07-19 13:00:00,47.942
2026-07-19 14:00:00,47.406
2026-07-19 15:00:00,45.174
2026-07-19 16:00:00,42.487
2026-07-19 17:00:00,39.173
2026-07-19 18:00:00,34.353
2026-07-19 19:00:00,28.815
2026-07-19 20:00:00,27.729
2026-07-19 21:00:00,23.56
2026-07-19 22:00:00,22.914
2026-07-19 23:00:00,26.156
2026-07-20 00:00:00,39.398
2026-07-20 01:00:00,38.357
2026-07-20 02:00:00,35.881
2026-07-20 03:00:00,37.432
2026-07-20 04:00:00,38.764
2026-07-20 05:00:00,36.956
2026-07-20 06:00:00,40.109
2026-07-20 07:00:00,45.354
2026-07-20 08:00:00,50.409
2026-07-20 09:00:00,51.894
2026-07-20 10:00:00,61.103
2026-07-20 11:00:00,58.816
2026-07-20 12:00:00,70.394
2026-07-20 13:00:00,67.619
2026-07-20 14:00:00,70.384
2026-07-20 15:00:00,65.784
2026-07-20 16:00:00,65.582
2026-07-20 17:00:00,54.323
2026-07-20 18:00:00,52.527
2026-07-20 19:00:00,45.378
2026-07-20 20:00:00,41.318
2026-07-20 21:00:00,39.792
2026-07-20 22:00:00,37.619
2026-07-20 23:00:00,38.778
2026-07-21 00:00:00,38.304
2026-07-21 01:00:00,38.931
2026-07-21 02:00:00,38.735
2026-07-21 03:00:00,40.353
2026-07-21 04:00:00,41.094
2026-07-21 05:00:00,38.051
2026-07-21 06:00:00,43.457
2026-07-21 07:00:00,41.316
2026-07-21 08:00:00,48.434
2026-07-21 09:00:00,54.538
2026-07-21 10:00:00,53.763
2026-07-21 11:00:00,64.715
2026-07-21 12:00:00,66.929
2026-07-21 13:00:00,67.76
2026-07-21 14:00:00,73.59
2026-07-21 15:00:00,64.591
2026-07-21 16:00:00,59.731
2026-07-21 17:00:00,56.74
2026-07-21 18:00:00,52.664
2026-07-21 19:00:00,45.681
2026-07-21 20:00:00,44.077
2026-07-21 21:00:00,41.227
2026-07-21 22:00:00,35.002
2026-07-21 23:00:00,37.778
2026-07-22 00:00:00,37.345
2026-07-22 01:00:00,39.389
2026-07-22 02:00:00,33.51
2026-07-22 03:00:00,43.751
2026-07-22 04:00:00,40.323
2026-07-22 05:00:00,40.46
2026-07-22 06:00:00,44.109
2026-07-22 07:00:00,49.068
2026-07-22 08:00:00,49.099
2026-07-22 09:00:00,55.376
2026-07-22 10:00:00,59.381
2026-07-22 11:00:00,64.026
2026-07-22 12:00:00,66.907
2026-07-22 13:00:00,67.55
2026-07-22 14:00:00,67.33
2026-07-22 15:00:00,62.543
2026-07-22 16:00:00,61.741
2026-07-22 17:00:00,52.261
2026-07-22 18:00:00,51.5
2026-07-22 19:00:00,45.912
2026-07-22 20:00:00,41.954
2026-07-22 21:00:00,39.112
2026-07-22 22:00:00,45.323
2026-07-22 23:00:00,41.444
2026-07-23 00:00:00,36.033
2026-07-23 01:00:00,38.915
2026-07-23 02:00:00,37.399
2026-07-23 03:00:00,36.837
2026-07-23 04:00:00,36.648
2026-07-23 05:00:00,41.029
2026-07-23 06:00:00,40.229
2026-07-23 07:00:00,46.047
2026-07-23 08:00:00,49.389
2026-07-23 09:00:00,56.457
2026-07-23 10:00:00,56.677
2026-07-23 11:00:00,65.839
2026-07-23 12:00:00,70.311
2026-07-23 13:00:00,68.648
2026-07-23 14:00:00,67.069
2026-07-23 15:00:00,71.243
2026-07-23 16:00:00,62.576
2026-07-23 17:00:00,58.166
2026-07-23 18:00:00,49.117
2026-07-23 19:00:00,43.314
2026-07-23 20:00:00,40.462
2026-07-23 21:00:00,39.912
2026-07-23 22:00:00,37.19
2026-07-23 23:00:00,38.786
2026-07-24 00:00:00,35.18
2026-07-24 01:00:00,36.313
2026-07-24 02:00:00,39.866
2026-07-24 03:00:00,39.977
2026-07-24 04:00:00,38.51
2026-07-24 05:00:00,38.117
2026-07-24 06:00:00,39.509
2026-07-24 07:00:00,43.102
2026-07-24 08:00:00,48.567
2026-07-24 09:00:00,55.323
2026-07-24 10:00:00,57.656
2026-07-24 11:00:00,61.051
2026-07-24 12:00:00,69.191
2026-07-24 13:00:00,67.558
2026-07-24 14:00:00,67.848
2026-07-24 15:00:00,70.407
2026-07-24 16:00:00,64.225
2026-07-24 17:00:00,56.95
2026-07-24 18:00:00,48.059
2026-07-24 19:00:00,46.456
2026-07-24 20:00:00,43.861
2026-07-24 21:00:00,39.407
2026-07-24 22:00:00,41.933
2026-07-24 23:00:00,41.313
2026-07-25 00:00:00,27.053
2026-07-25 01:00:00,25.385
2026-07-25 02:00:00,25.808
2026-07-25 03:00:00,27.007
2026-07-25 04:00:00,26.103
2026-07-25 05:00:00,25.45
2026-07-25 06:00:00,26.464
2026-07-25 07:00:00,28.89
2026-07-25 08:00:00,28.61
2026-07-25 09:00:00,34.913
2026-07-25 10:00:00,41.725
2026-07-25 11:00:00,39.681
2026-07-25 12:00:00,49.928
2026-07-25 13:00:00,50.564
2026-07-25 14:00:00,47.018
2026-07-25 15:00:00,46.976
2026-07-25 16:00:00,42.698
2026-07-25 17:00:00,40.77
2026-07-25 18:00:00,36.086
2026-07-25 19:00:00,28.621
2026-07-25 20:00:00,27.866
2026-07-25 21:00:00,25.836
2026-07-25 22:00:00,25.638
2026-07-25 23:00:00,24.305
2026-07-26 00:00:00,27.159
2026-07-26 01:00:00,26.304
2026-07-26 02:00:00,24.144
2026-07-26 03:00:00,23.54
2026-07-26 04:00:00,25.04
2026-07-26 05:00:00,26.672
2026-07-26 06:00:00,27.396
2026-07-26 07:00:00,30.338
2026-07-26 08:00:00,31.791
2026-07-26 09:00:00,36.753
2026-07-26 10:00:00,40.349
2026-07-26 11:00:00,41.213
2026-07-26 12:00:00,46.474
2026-07-26 13:00:00,50.437
2026-07-26 14:00:00,47.833
2026-07-26 15:00:00,46.899
2026-07-26 16:00:00,42.122
2026-07-26 17:00:00,37.033
2026-07-26 18:00:00,34.394
2026-07-26 19:00:00,31.061
2026-07-26 20:00:00,26.184
2026-07-26 21:00:00,25.797
2026-07-26 22:00:00,24.333
2026-07-26 23:00:00,26.635
2026-07-27 00:00:00,37.859
2026-07-27 01:00:00,41.261
2026-07-27 02:00:00,41.52
2026-07-27 03:00:00,38.648
2026-07-27 04:00:00,37.299
2026-07-27 05:00:00,35.972
2026-07-27 06:00:00,38.583
2026-07-27 07:00:00,40.905
2026-07-27 08:00:00,50.294
2026-07-27 09:00:00,53.256
2026-07-27 10:00:00,60.093
2026-07-27 11:00:00,57.915
2026-07-27 12:00:00,64.688
2026-07-27 13:00:00,72.895
2026-07-27 14:00:00,70.321
2026-07-27 15:00:00,66.08
2026-07-27 16:00:00,63.504
2026-07-27 17:00:00,60.71
2026-07-27 18:00:00,50.531
2026-07-27 19:00:00,46.144
2026-07-27 20:00:00,42.049
2026-07-27 21:00:00,44.964
2026-07-27 22:00:00,35.157
2026-07-27 23:00:00,40.131
2026-07-28 00:00:00,38.204
2026-07-28 01:00:00,39.557
2026-07-28 02:00:00,37.304
2026-07-28 03:00:00,38.71
2026-07-28 04:00:00,40.677
2026-07-28 05:00:00,46.412
2026-07-28 06:00:00,43.331
2026-07-28 07:00:00,42.059
2026-07-28 08:00:00,46.054
2026-07-28 09:00:00,51.808
2026-07-28 10:00:00,54.082
2026-07-28 11:00:00,63.471
2026-07-28 12:00:00,70.62
2026-07-28 13:00:00,66.152
2026-07-28 14:00:00,72.661
2026-07-28 15:00:00,67.946
2026-07-28 16:00:00,59.93
2026-07-28 17:00:00,56.188
2026-07-28 18:00:00,54.811
2026-07-28 19:00:00,47.603
2026-07-28 20:00:00,41.666
2026-07-28 21:00:00,39.684
2026-07-28 22:00:00,39.43
2026-07-28 23:00:00,37.812
2026-07-29 00:00:00,34.381
2026-07-29 01:00:00,42.395
2026-07-29 02:00:00,38.871
2026-07-29 03:00:00,39.578
2026-07-29 04:00:00,39.166
2026-07-29 05:00:00,38.685
2026-07-29 06:00:00,41.261
2026-07-29 07:00:00,40.409
2026-07-29 08:00:00,52.408
2026-07-29 09:00:00,49.82
2026-07-29 10:00:00,56.183
2026-07-29 11:00:00,63.148
2026-07-29 12:00:00,72.325
2026-07-29 13:00:00,70.173
2026-07-29 14:00:00,65.643
2026-07-29 15:00:00,70.199
2026-07-29 16:00:00,63.961
2026-07-29 17:00:00,57.918
2026-07-29 18:00:00,52.735
2026-07-29 19:00:00,51.25
2026-07-29 20:00:00,46.198
2026-07-29 21:00:00,38.782
2026-07-29 22:00:00,42.469
2026-07-29 23:00:00,39.549
2026-07-30 00:00:00,39.383
2026-07-30 01:00:00,35.212
2026-07-30 02:00:00,38.243
2026-07-30 03:00:00,37.228
2026-07-30 04:00:00,40.906
2026-07-30 05:00:00,42.312
2026-07-30 06:00:00,37.328
2026-07-30 07:00:00,43.873
2026-07-30 08:00:00,49.69
2026-07-30 09:00:00,52.486
2026-07-30 10:00:00,61.027
2026-07-30 11:00:00,65.474
2026-07-30 12:00:00,69.418
2026-07-30 13:00:00,69.281
2026-07-30 14:00:00,65.703
2026-07-30 15:00:00,63.216
2026-07-30 16:00:00,63.901
2026-07-30 17:00:00,56.597
2026-07-30 18:00:00,50.725
2026-07-30 19:00:00,45.061
2026-07-30 20:00:00,41.013
2026-07-30 21:00:00,42.263
2026-07-30 22:00:00,38.621
2026-07-30 23:00:00,36.203
2026-07-31 00:00:00,39.853
2026-07-31 01:00:00,38.073
2026-07-31 02:00:00,38.632
2026-07-31 03:00:00,41.924
2026-07-31 04:00:00,39.239
2026-07-31 05:00:00,40.742
2026-07-31 06:00:00,39.193
2026-07-31 07:00:00,43.439
2026-07-31 08:00:00,48.485
2026-07-31 09:00:00,49.004
2026-07-31 10:00:00,59.574
2026-07-31 11:00:00,64.738
2026-07-31 12:00:00,68.495
2026-07-31 13:00:00,73.363
2026-07-31 14:00:00,70.468
2026-07-31 15:00:00,70.857
2026-07-31 16:00:00,59.216
2026-07-31 17:00:00,56.894
2026-07-31 18:00:00,51.249
2026-07-31 19:00:00,43.644
2026-07-31 20:00:00,43.639
2026-07-31 21:00:00,44.829
2026-07-31 22:00:00,39.246
2026-07-31 23:00:00,39.785
2026-08-01 00:00:00,25.343
2026-08-01 01:00:00,24.363
2026-08-01 02:00:00,23.027
2026-08-01 03:00:00,24.587
2026-08-01 04:00:00,24.002
2026-08-01 05:00:00,28.624
2026-08-01 06:00:00,27.196
2026-08-01 07:00:00,28.347
2026-08-01 08:00:00,32.275
2026-08-01 09:00:00,33.619
2026-08-01 10:00:00,38.751
2026-08-01 11:00:00,44.396
2026-08-01 12:00:00,49.356
2026-08-01 13:00:00,49.738
2026-08-01 14:00:00,48.853
2026-08-01 15:00:00,46.486
2026-08-01 16:00:00,43.788
2026-08-01 17:00:00,39.417
2026-08-01 18:00:00,33.31
2026-08-01 19:00:00,30.983
2026-08-01 20:00:00,25.885
2026-08-01 21:00:00,26.483
2026-08-01 22:00:00,25.178
2026-08-01 23:00:00,28.722
2026-08-02 00:00:00,25.186
2026-08-02 01:00:00,23.49
2026-08-02 02:00:00,25.163
2026-08-02 03:00:00,26.148
2026-08-02 04:00:00,27.956
2026-08-02 05:00:00,25.599
2026-08-02 06:00:00,25.189
2026-08-02 07:00:00,30.025
2026-08-02 08:00:00,28.768
2026-08-02 09:00:00,34.765
2026-08-02 10:00:00,39.671
2026-08-02 11:00:00,44.131
2026-08-02 12:00:00,48.671
2026-08-02 13:00:00,47.309
2026-08-02 14:00:00,47.8
2026-08-02 15:00:00,46.308
2026-08-02 16:00:00,43.335
2026-08-02 17:00:00,39.244
2026-08-02 18:00:00,35.575
2026-08-02 19:00:00,32.134
2026-08-02 20:00:00,27.89
2026-08-02 21:00:00,26.975
2026-08-02 22:00:00,23.757
2026-08-02 23:00:00,25.55
2026-08-03 00:00:00,39.755
2026-08-03 01:00:00,40.285
2026-08-03 02:00:00,37.625
2026-08-03 03:00:00,37.917
2026-08-03 04:00:00,38.55
2026-08-03 05:00:00,41.668
2026-08-03 06:00:00,44.257
2026-08-03 07:00:00,43.475
2026-08-03 08:00:00,49.699
2026-08-03 09:00:00,53.809
2026-08-03 10:00:00,59.249
2026-08-03 11:00:00,64.426
2026-08-03 12:00:00,71.326
2026-08-03 13:00:00,71.804
2026-08-03 14:00:00,77.144
2026-08-03 15:00:00,64.594
2026-08-03 16:00:00,63.963
2026-08-03 17:00:00,55.717
2026-08-03 18:00:00,49.475
2026-08-03 19:00:00,46.426
2026-08-03 20:00:00,42.371
2026-08-03 21:00:00,46.5
2026-08-03 22:00:00,39.324
2026-08-03 23:00:00,36.994
2026-08-04 00:00:00,39.354
2026-08-04 01:00:00,34.836
2026-08-04 02:00:00,38.795
2026-08-04 03:00:00,39.241
2026-08-04 04:00:00,41.266
2026-08-04 05:00:00,42.555
2026-08-04 06:00:00,41.022
2026-08-04 07:00:00,44.045
2026-08-04 08:00:00,45.72
2026-08-04 09:00:00,50.591
2026-08-04 10:00:00,60.456
2026-08-04 11:00:00,61.272
2026-08-04 12:00:00,67.721
2026-08-04 13:00:00,67.64
2026-08-04 14:00:00,71.786
2026-08-04 15:00:00,72.475
2026-08-04 16:00:00,58.905
2026-08-04 17:00:00,52.314
2026-08-04 18:00:00,51.244
2026-08-04 19:00:00,46.484
2026-08-04 20:00:00,42.542
2026-08-04 21:00:00,39.674
2026-08-04 22:00:00,39.291
2026-08-04 23:00:00,39.93
2026-08-05 00:00:00,40.844
2026-08-05 01:00:00,35.069
2026-08-05 02:00:00,38.255
2026-08-05 03:00:00,39.629
2026-08-05 04:00:00,37.867
2026-08-05 05:00:00,44.092
2026-08-05 06:00:00,40.745
2026-08-05 07:00:00,44.287
2026-08-05 08:00:00,48.863
2026-08-05 09:00:00,51.971
2026-08-05 10:00:00,54.462
2026-08-05 11:00:00,63.781
2026-08-05 12:00:00,72.204
2026-08-05 13:00:00,69.715
2026-08-05 14:00:00,67.453
2026-08-05 15:00:00,69.874
2026-08-05 16:00:00,61.604
2026-08-05 17:00:00,55.766
2026-08-05 18:00:00,51.896
2026-08-05 19:00:00,48.16
2026-08-05 20:00:00,47.093
2026-08-05 21:00:00,42.258
2026-08-05 22:00:00,41.991
2026-08-05 23:00:00,38.217
2026-08-06 00:00:00,36.833
2026-08-06 01:00:00,38.989
2026-08-06 02:00:00,39.183
2026-08-06 03:00:00,37.095
2026-08-06 04:00:00,39.341
2026-08-06 05:00:00,41.389
2026-08-06 06:00:00,42.84
2026-08-06 07:00:00,45.498
2026-08-06 08:00:00,48.232
2026-08-06 09:00:00,52.188
2026-08-06 10:00:00,58.166
2026-08-06 11:00:00,61.493
2026-08-06 12:00:00,74.548
2026-08-06 13:00:00,70.82
2026-08-06 14:00:00,69.382
2026-08-06 15:00:00,64.366
2026-08-06 16:00:00,70.683
2026-08-06 17:00:00,54.318
2026-08-06 18:00:00,50.521
2026-08-06 19:00:00,47.372
2026-08-06 20:00:00,43.345
2026-08-06 21:00:00,42.523
2026-08-06 22:00:00,43.276
2026-08-06 23:00:00,40.202
2026-08-07 00:00:00,36.774
2026-08-07 01:00:00,38.369
2026-08-07 02:00:00,39.574
2026-08-07 03:00:00,43.264
2026-08-07 04:00:00,36.915
2026-08-07 05:00:00,43.019
2026-08-07 06:00:00,42.46
2026-08-07 07:00:00,46.238
2026-08-07 08:00:00,47.298
2026-08-07 09:00:00,51.326
2026-08-07 10:00:00,61.682
2026-08-07 11:00:00,66.998
2026-08-07 12:00:00,72.026
2026-08-07 13:00:00,70.735
2026-08-07 14:00:00,68.218
2026-08-07 15:00:00,62.495
2026-08-07 16:00:00,64.801
2026-08-07 17:00:00,58.168
2026-08-07 18:00:00,49.245
2026-08-07 19:00:00,45.255
2026-08-07 20:00:00,41.1
2026-08-07 21:00:00,37.57
2026-08-07 22:00:00,38.066
2026-08-07 23:00:00,36.987
2026-08-08 00:00:00,24.715
2026-08-08 01:00:00,24.331
2026-08-08 02:00:00,23.272
2026-08-08 03:00:00,28.063
2026-08-08 04:00:00,27.413
2026-08-08 05:00:00,25.349
2026-08-08 06:00:00,27.726
2026-08-08 07:00:00,29.449
2026-08-08 08:00:00,32.742
2026-08-08 09:00:00,34.126
2026-08-08 10:00:00,42.11
2026-08-08 11:00:00,43.207
2026-08-08 12:00:00,44.585
2026-08-08 13:00:00,50.194
2026-08-08 14:00:00,50.956
2026-08-08 15:00:00,51.331
2026-08-08 16:00:00,40.897
2026-08-08 17:00:00,40.248
2026-08-08 18:00:00,34.268
2026-08-08 19:00:00,32.047
2026-08-08 20:00:00,25.342
2026-08-08 21:00:00,24.711
2026-08-08 22:00:00,24.797
2026-08-08 23:00:00,25.587
2026-08-09 00:00:00,24.427
2026-08-09 01:00:00,26.097
2026-08-09 02:00:00,26.634
2026-08-09 03:00:00,26.25
2026-08-09 04:00:00,27.886
2026-08-09 05:00:00,26.925
2026-08-09 06:00:00,25.689
2026-08-09 07:00:00,30.813
2026-08-09 08:00:00,29.967
2026-08-09 09:00:00,37.016
2026-08-09 10:00:00,42.98
2026-08-09 11:00:00,45.147
2026-08-09 12:00:00,44.262
2026-08-09 13:00:00,46.828
2026-08-09 14:00:00,51.021
2026-08-09 15:00:00,46.009
2026-08-09 16:00:00,43.209
2026-08-09 17:00:00,40.349
2026-08-09 18:00:00,35.977
2026-08-09 19:00:00,31.319
2026-08-09 20:00:00,27.068
2026-08-09 21:00:00,25.964
2026-08-09 22:00:00,26.904
2026-08-09 23:00:00,26.191
2026-08-10 00:00:00,38.325
2026-08-10 01:00:00,40.971
2026-08-10 02:00:00,38.722
2026-08-10 03:00:00,37.54
2026-08-10 04:00:00,38.183
2026-08-10 05:00:00,38.593
2026-08-10 06:00:00,41.509
2026-08-10 07:00:00,47.117
2026-08-10 08:00:00,45.627
2026-08-10 09:00:00,53.976
2026-08-10 10:00:00,57.769
2026-08-10 11:00:00,64.281
2026-08-10 12:00:00,64.321
2026-08-10 13:00:00,70.082
2026-08-10 14:00:00,69.479
2026-08-10 15:00:00,68.729
2026-08-10 16:00:00,63.144
2026-08-10 17:00:00,53.997
2026-08-10 18:00:00,54.118
2026-08-10 19:00:00,46.916
2026-08-10 20:00:00,42.499
2026-08-10 21:00:00,40.561
2026-08-10 22:00:00,38.661
2026-08-10 23:00:00,39.636
2026-08-11 00:00:00,39.748
2026-08-11 01:00:00,35.473
2026-08-11 02:00:00,37.924
2026-08-11 03:00:00,38.71
2026-08-11 04:00:00,40.197
2026-08-11 05:00:00,43.0
2026-08-11 06:00:00,40.458
2026-08-11 07:00:00,43.274
2026-08-11 08:00:00,46.323
2026-08-11 09:00:00,51.431
2026-08-11 10:00:00,58.63
2026-08-11 11:00:00,67.343
2026-08-11 12:00:00,65.737
2026-08-11 13:00:00,72.126
2026-08-11 14:00:00,64.797
2026-08-11 15:00:00,65.457
2026-08-11 16:00:00,61.607
2026-08-11 17:00:00,61.384
2026-08-11 18:00:00,50.888
2026-08-11 19:00:00,41.565
2026-08-11 20:00:00,37.876
2026-08-11 21:00:00,40.648
2026-08-11 22:00:00,40.907
2026-08-11 23:00:00,39.945
2026-08-12 00:00:00,39.15
2026-08-12 01:00:00,41.127
2026-08-12 02:00:00,37.922
2026-08-12 03:00:00,40.964
2026-08-12 04:00:00,36.45
2026-08-12 05:00:00,38.743
2026-08-12 06:00:00,38.28
2026-08-12 07:00:00,43.769
2026-08-12 08:00:00,47.431
2026-08-12 09:00:00,53.785
2026-08-12 10:00:00,59.767
2026-08-12 11:00:00,62.299
2026-08-12 12:00:00,68.418
2026-08-12 13:00:00,66.057
2026-08-12 14:00:00,74.312
2026-08-12 15:00:00,66.223
2026-08-12 16:00:00,61.164
2026-08-12 17:00:00,61.163
2026-08-12 18:00:00,48.588
2026-08-12 19:00:00,43.952
2026-08-12 20:00:00,39.775
2026-08-12 21:00:00,40.442
2026-08-12 22:00:00,40.546
2026-08-12 23:00:00,40.659
2026-08-13 00:00:00,43.817
2026-08-13 01:00:00,34.496
2026-08-13 02:00:00,40.16
2026-08-13 03:00:00,38.117
2026-08-13 04:00:00,38.525
2026-08-13 05:00:00,39.322
2026-08-13 06:00:00,40.17
2026-08-13 07:00:00,48.117
2026-08-13 08:00:00,49.543
2026-08-13 09:00:00,53.551
2026-08-13 10:00:00,63.35
2026-08-13 11:00:00,60.562
2026-08-13 12:00:00,64.878
2026-08-13 13:00:00,63.911
2026-08-13 14:00:00,67.909
2026-08-13 15:00:00,67.605
2026-08-13 16:00:00,62.809
2026-08-13 17:00:00,57.462
2026-08-13 18:00:00,48.187
2026-08-13 19:00:00,48.232
2026-08-13 20:00:00,42.586
2026-08-13 21:00:00,42.067
2026-08-13 22:00:00,35.933
2026-08-13 23:00:00,39.82
2026-08-14 00:00:00,36.519
2026-08-14 01:00:00,38.096
2026-08-14 02:00:00,40.015
2026-08-14 03:00:00,39.388
2026-08-14 04:00:00,37.999
2026-08-14 05:00:00,40.592
2026-08-14 06:00:00,38.859
2026-08-14 07:00:00,46.931
2026-08-14 08:00:00,47.053
2026-08-14 09:00:00,56.367
2026-08-14 10:00:00,58.131
2026-08-14 11:00:00,63.499
2026-08-14 12:00:00,66.636
2026-08-14 13:00:00,73.54
2026-08-14 14:00:00,67.878
2026-08-14 15:00:00,69.039
2026-08-14 16:00:00,61.46
2026-08-14 17:00:00,51.997
2026-08-14 18:00:00,50.185
2026-08-14 19:00:00,43.833
2026-08-14 20:00:00,42.153
2026-08-14 21:00:00,38.164
2026-08-14 22:00:00,41.527
2026-08-14 23:00:00,39.031
2026-08-15 00:00:00,25.012
2026-08-15 01:00:00,26.093
2026-08-15 02:00:00,26.554
2026-08-15 03:00:00,25.46
2026-08-15 04:00:00,24.803
2026-08-15 05:00:00,24.037
2026-08-15 06:00:00,26.415
2026-08-15 07:00:00,27.956
2026-08-15 08:00:00,31.067
2026-08-15 09:00:00,34.917
2026-08-15 10:00:00,41.38
2026-08-15 11:00:00,43.082
2026-08-15 12:00:00,47.165
2026-08-15 13:00:00,51.136
2026-08-15 14:00:00,49.042
2026-08-15 15:00:00,46.22
2026-08-15 16:00:00,41.977
2026-08-15 17:00:00,38.022
2026-08-15 18:00:00,33.587
2026-08-15 19:00:00,30.137
2026-08-15 20:00:00,28.387
2026-08-15 21:00:00,26.084
2026-08-15 22:00:00,24.057
2026-08-15 23:00:00,27.739
2026-08-16 00:00:00,25.64
2026-08-16 01:00:00,23.487
2026-08-16 02:00:00,24.773
2026-08-16 03:00:00,25.627
2026-08-16 04:00:00,27.997
2026-08-16 05:00:00,24.915
2026-08-16 06:00:00,28.688
2026-08-16 07:00:00,30.865
2026-08-16 08:00:00,29.93
2026-08-16 09:00:00,35.03
2026-08-16 10:00:00,38.264
2026-08-16 11:00:00,43.872
2026-08-16 12:00:00,47.206
2026-08-16 13:00:00,50.062
2026-08-16 14:00:00,50.552
2026-08-16 15:00:00,44.891
2026-08-16 16:00:00,39.51
2026-08-16 17:00:00,39.045
2026-08-16 18:00:00,35.355
2026-08-16 19:00:00,31.277
2026-08-16 20:00:00,26.906
2026-08-16 21:00:00,26.541
2026-08-16 22:00:00,27.753
2026-08-16 23:00:00,25.973
2026-08-17 00:00:00,38.1
2026-08-17 01:00:00,37.896
2026-08-17 02:00:00,38.643
2026-08-17 03:00:00,42.418
2026-08-17 04:00:00,39.325
2026-08-17 05:00:00,40.539
2026-08-17 06:00:00,41.067
2026-08-17 07:00:00,46.818
2026-08-17 08:00:00,52.199
2026-08-17 09:00:00,54.65
2026-08-17 10:00:00,59.825
2026-08-17 11:00:00,65.163
2026-08-17 12:00:00,61.607
2026-08-17 13:00:00,73.126
2026-08-17 14:00:00,70.497
2026-08-17 15:00:00,68.397
2026-08-17 16:00:00,60.545
2026-08-17 17:00:00,56.089
2026-08-17 18:00:00,50.564
2026-08-17 19:00:00,48.717
2026-08-17 20:00:00,41.285
2026-08-17 21:00:00,44.805
2026-08-17 22:00:00,40.544
2026-08-17 23:00:00,36.708
2026-08-18 00:00:00,38.575
2026-08-18 01:00:00,37.601
2026-08-18 02:00:00,34.698
2026-08-18 03:00:00,42.345
2026-08-18 04:00:00,41.084
2026-08-18 05:00:00,41.661
2026-08-18 06:00:00,42.43
2026-08-18 07:00:00,41.312
2026-08-18 08:00:00,46.391
2026-08-18 09:00:00,55.656
2026-08-18 10:00:00,56.673
2026-08-18 11:00:00,57.535
2026-08-18 12:00:00,68.303
2026-08-18 13:00:00,70.331
2026-08-18 14:00:00,70.501
2026-08-18 15:00:00,69.288
2026-08-18 16:00:00,64.295
2026-08-18 17:00:00,57.743
2026-08-18 18:00:00,54.383
2026-08-18 19:00:00,43.079
2026-08-18 20:00:00,43.144
2026-08-18 21:00:00,41.85
2026-08-18 22:00:00,37.229
2026-08-18 23:00:00,36.263
2026-08-19 00:00:00,37.376
2026-08-19 01:00:00,37.582
2026-08-19 02:00:00,40.442
2026-08-19 03:00:00,38.005
2026-08-19 04:00:00,37.99
2026-08-19 05:00:00,39.338
2026-08-19 06:00:00,44.436
2026-08-19 07:00:00,44.408
2026-08-19 08:00:00,47.115
2026-08-19 09:00:00,53.209
2026-08-19 10:00:00,63.186
2026-08-19 11:00:00,62.829
2026-08-19 12:00:00,73.092
2026-08-19 13:00:00,71.441
2026-08-19 14:00:00,69.582
2026-08-19 15:00:00,74.552
2026-08-19 16:00:00,59.589
2026-08-19 17:00:00,56.168
2026-08-19 18:00:00,48.611
2026-08-19 19:00:00,48.563
2026-08-19 20:00:00,45.636
2026-08-19 21:00:00,43.967
2026-08-19 22:00:00,42.118
2026-08-19 23:00:00,38.822
2026-08-20 00:00:00,38.115
2026-08-20 01:00:00,35.62
2026-08-20 02:00:00,42.941
2026-08-20 03:00:00,40.129
2026-08-20 04:00:00,38.713
2026-08-20 05:00:00,43.274
2026-08-20 06:00:00,40.035
2026-08-20 07:00:00,45.281
2026-08-20 08:00:00,47.131
2026-08-20 09:00:00,55.134
2026-08-20 10:00:00,59.418
2026-08-20 11:00:00,60.745
2026-08-20 12:00:00,69.243
2026-08-20 13:00:00,74.084
2026-08-20 14:00:00,69.989
2026-08-20 15:00:00,69.427
2026-08-20 16:00:00,59.617
2026-08-20 17:00:00,57.01
2026-08-20 18:00:00,50.056
2026-08-20 19:00:00,48.107
2026-08-20 20:00:00,42.148
2026-08-20 21:00:00,41.979
2026-08-20 22:00:00,41.847
2026-08-20 23:00:00,40.565
2026-08-21 00:00:00,39.355
2026-08-21 01:00:00,36.928
2026-08-21 02:00:00,38.968
2026-08-21 03:00:00,38.164
2026-08-21 04:00:00,39.006
2026-08-21 05:00:00,39.819
2026-08-21 06:00:00,40.02
2026-08-21 07:00:00,40.036
2026-08-21 08:00:00,45.953
2026-08-21 09:00:00,53.989
2026-08-21 10:00:00,55.847
2026-08-21 11:00:00,65.101
2026-08-21 12:00:00,74.907
2026-08-21 13:00:00,74.003
2026-08-21 14:00:00,75.182
2026-08-21 15:00:00,68.286
2026-08-21 16:00:00,65.768
2026-08-21 17:00:00,55.216
2026-08-21 18:00:00,50.009
2026-08-21 19:00:00,40.372
2026-08-21 20:00:00,44.578
2026-08-21 21:00:00,43.704
2026-08-21 22:00:00,38.591
2026-08-21 23:00:00,38.711
2026-08-22 00:00:00,24.285
2026-08-22 01:00:00,25.748
2026-08-22 02:00:00,26.758
2026-08-22 03:00:00,23.265
2026-08-22 04:00:00,26.326
2026-08-22 05:00:00,26.012
2026-08-22 06:00:00,27.508
2026-08-22 07:00:00,29.508
2026-08-22 08:00:00,30.611
2026-08-22 09:00:00,35.321
2026-08-22 10:00:00,39.75
2026-08-22 11:00:00,46.138
2026-08-22 12:00:00,48.125
2026-08-22 13:00:00,49.162
2026-08-22 14:00:00,45.788
2026-08-22 15:00:00,45.605
2026-08-22 16:00:00,44.689
2026-08-22 17:00:00,39.143
2026-08-22 18:00:00,35.921
2026-08-22 19:00:00,33.465
2026-08-22 20:00:00,28.774
2026-08-22 21:00:00,26.499
2026-08-22 22:00:00,25.139
2026-08-22 23:00:00,22.232
2026-08-23 00:00:00,25.023
2026-08-23 01:00:00,24.852
2026-08-23 02:00:00,25.827
2026-08-23 03:00:00,25.29
2026-08-23 04:00:00,25.385
2026-08-23 05:00:00,24.03
2026-08-23 06:00:00,26.068
2026-08-23 07:00:00,29.534
2026-08-23 08:00:00,33.553
2026-08-23 09:00:00,35.331
2026-08-23 10:00:00,40.729
2026-08-23 11:00:00,46.104
2026-08-23 12:00:00,45.644
2026-08-23 13:00:00,49.462
2026-08-23 14:00:00,46.858
2026-08-23 15:00:00,48.005
2026-08-23 16:00:00,43.338
2026-08-23 17:00:00,39.579
2026-08-23 18:00:00,33.692
2026-08-23 19:00:00,31.937
2026-08-23 20:00:00,30.204
2026-08-23 21:00:00,25.047
2026-08-23 22:00:00,25.36
2026-08-23 23:00:00,25.781
2026-08-24 00:00:00,40.351
2026-08-24 01:00:00,37.781
2026-08-24 02:00:00,33.453
2026-08-24 03:00:00,41.874
2026-08-24 04:00:00,41.198
2026-08-24 05:00:00,37.043
2026-08-24 06:00:00,40.803
2026-08-24 07:00:00,47.859
2026-08-24 08:00:00,50.982
2026-08-24 09:00:00,55.905
2026-08-24 10:00:00,59.105
2026-08-24 11:00:00,65.3
2026-08-24 12:00:00,68.602
2026-08-24 13:00:00,74.334
2026-08-24 14:00:00,67.362
2026-08-24 15:00:00,64.731
2026-08-24 16:00:00,65.331
2026-08-24 17:00:00,56.964
2026-08-24 18:00:00,54.818
2026-08-24 19:00:00,44.96
2026-08-24 20:00:00,41.967
2026-08-24 21:00:00,38.708
2026-08-24 22:00:00,39.704
2026-08-24 23:00:00,36.311
2026-08-25 00:00:00,37.878
2026-08-25 01:00:00,36.077
2026-08-25 02:00:00,40.326
2026-08-25 03:00:00,40.614
2026-08-25 04:00:00,36.255
2026-08-25 05:00:00,43.286
2026-08-25 06:00:00,47.337
2026-08-25 07:00:00,44.481
2026-08-25 08:00:00,46.017
2026-08-25 09:00:00,60.753
2026-08-25 10:00:00,55.928
2026-08-25 11:00:00,65.114
2026-08-25 12:00:00,69.566
2026-08-25 13:00:00,75.018
2026-08-25 14:00:00,71.197
2026-08-25 15:00:00,65.644
2026-08-25 16:00:00,59.879
2026-08-25 17:00:00,56.199
2026-08-25 18:00:00,49.147
2026-08-25 19:00:00,46.556
2026-08-25 20:00:00,40.895
2026-08-25 21:00:00,37.548
2026-08-25 22:00:00,42.18
2026-08-25 23:00:00,38.234
2026-08-26 00:00:00,36.363
2026-08-26 01:00:00,38.541
2026-08-26 02:00:00,39.107
2026-08-26 03:00:00,35.785
2026-08-26 04:00:00,40.347
2026-08-26 05:00:00,38.455
2026-08-26 06:00:00,45.682
2026-08-26 07:00:00,45.542
2026-08-26 08:00:00,46.59
2026-08-26 09:00:00,51.576
2026-08-26 10:00:00,59.303
2026-08-26 11:00:00,66.874
2026-08-26 12:00:00,68.929
2026-08-26 13:00:00,70.093
2026-08-26 14:00:00,70.261
2026-08-26 15:00:00,65.331
2026-08-26 16:00:00,61.569
2026-08-26 17:00:00,51.715
2026-08-26 18:00:00,53.855
2026-08-26 19:00:00,47.113
2026-08-26 20:00:00,40.454
2026-08-26 21:00:00,44.432
2026-08-26 22:00:00,39.862
2026-08-26 23:00:00,37.178
2026-08-27 00:00:00,40.488
2026-08-27 01:00:00,39.642
2026-08-27 02:00:00,39.743
2026-08-27 03:00:00,38.375
2026-08-27 04:00:00,40.583
2026-08-27 05:00:00,40.048
2026-08-27 06:00:00,43.252
2026-08-27 07:00:00,40.152
2026-08-27 08:00:00,46.51
2026-08-27 09:00:00,57.919
2026-08-27 10:00:00,57.463
2026-08-27 11:00:00,63.261
2026-08-27 12:00:00,67.618
2026-08-27 13:00:00,66.948
2026-08-27 14:00:00,63.226
2026-08-27 15:00:00,66.44
2026-08-27 16:00:00,62.901
2026-08-27 17:00:00,56.943
2026-08-27 18:00:00,51.196
2026-08-27 19:00:00,46.545
2026-08-27 20:00:00,44.234
2026-08-27 21:00:00,40.193
2026-08-27 22:00:00,38.55
2026-08-27 23:00:00,38.658
2026-08-28 00:00:00,39.949
2026-08-28 01:00:00,41.612
2026-08-28 02:00:00,37.75
2026-08-28 03:00:00,39.403
2026-08-28 04:00:00,40.36
2026-08-28 05:00:00,38.565
2026-08-28 06:00:00,42.125
2026-08-28 07:00:00,41.127
2026-08-28 08:00:00,43.336
2026-08-28 09:00:00,54.434
2026-08-28 10:00:00,58.528
2026-08-28 11:00:00,65.655
2026-08-28 12:00:00,68.953
2026-08-28 13:00:00,67.699
2026-08-28 14:00:00,69.94
2026-08-28 15:00:00,63.462
2026-08-28 16:00:00,66.39
2026-08-28 17:00:00,53.592
2026-08-28 18:00:00,51.075
2026-08-28 19:00:00,44.137
2026-08-28 20:00:00,43.282
2026-08-28 21:00:00,39.907
2026-08-28 22:00:00,38.66
2026-08-28 23:00:00,40.882
2026-08-29 00:00:00,25.273
2026-08-29 01:00:00,25.917
2026-08-29 02:00:00,24.09
2026-08-29 03:00:00,23.696
2026-08-29 04:00:00,25.936
2026-08-29 05:00:00,25.956
2026-08-29 06:00:00,28.21
2026-08-29 07:00:00,28.731
2026-08-29 08:00:00,31.218
2026-08-29 09:00:00,32.781
2026-08-29 10:00:00,43.549
2026-08-29 11:00:00,43.948
2026-08-29 12:00:00,48.688
2026-08-29 13:00:00,46.997
2026-08-29 14:00:00,48.974
2026-08-29 15:00:00,43.821
2026-08-29 16:00:00,43.882
2026-08-29 17:00:00,38.486
2026-08-29 18:00:00,34.947
2026-08-29 19:00:00,31.924
2026-08-29 20:00:00,25.668
2026-08-29 21:00:00,25.474
2026-08-29 22:00:00,26.388
2026-08-29 23:00:00,28.16
2026-08-30 00:00:00,25.062
2026-08-30 01:00:00,26.011
2026-08-30 02:00:00,25.197
2026-08-30 03:00:00,27.961
2026-08-30 04:00:00,23.544
2026-08-30 05:00:00,26.501
2026-08-30 06:00:00,25.13
2026-08-30 07:00:00,25.231
2026-08-30 08:00:00,31.361
2026-08-30 09:00:00,35.727
2026-08-30 10:00:00,39.622
2026-08-30 11:00:00,44.06
2026-08-30 12:00:00,53.531
2026-08-30 13:00:00,48.181
2026-08-30 14:00:00,49.381
2026-08-30 15:00:00,45.082
2026-08-30 16:00:00,43.598
2026-08-30 17:00:00,38.682
2026-08-30 18:00:00,34.267
2026-08-30 19:00:00,33.54
2026-08-30 20:00:00,28.963
2026-08-30 21:00:00,26.557
2026-08-30 22:00:00,22.826
2026-08-30 23:00:00,25.026
2026-08-31 00:00:00,44.072
2026-08-31 01:00:00,38.42
2026-08-31 02:00:00,41.124
2026-08-31 03:00:00,42.036
2026-08-31 04:00:00,40.123
2026-08-31 05:00:00,38.871
2026-08-31 06:00:00,36.958
2026-08-31 07:00:00,45.897
2026-08-31 08:00:00,45.604
2026-08-31 09:00:00,53.944
2026-08-31 10:00:00,56.121
2026-08-31 11:00:00,64.266
2026-08-31 12:00:00,69.113
2026-08-31 13:00:00,71.624
2026-08-31 14:00:00,66.62
2026-08-31 15:00:00,70.679
2026-08-31 16:00:00,60.864
2026-08-31 17:00:00,52.773
2026-08-31 18:00:00,51.282
2026-08-31 19:00:00,46.526
2026-08-31 20:00:00,42.42
2026-08-31 21:00:00,43.343
2026-08-31 22:00:00,39.22
2026-08-31 23:00:00,38.975
2026-09-01 00:00:00,37.817
2026-09-01 01:00:00,41.714
2026-09-01 02:00:00,40.549
2026-09-01 03:00:00,39.573
2026-09-01 04:00:00,37.02
2026-09-01 05:00:00,44.856
2026-09-01 06:00:00,40.72
2026-09-01 07:00:00,44.399
2026-09-01 08:00:00,49.889
2026-09-01 09:00:00,51.91
2026-09-01 10:00:00,57.034
2026-09-01 11:00:00,60.388
2026-09-01 12:00:00,73.236
2026-09-01 13:00:00,70.956
2026-09-01 14:00:00,81.367
2026-09-01 15:00:00,65.917
2026-09-01 16:00:00,61.602
2026-09-01 17:00:00,57.169
2026-09-01 18:00:00,53.607
2026-09-01 19:00:00,46.747
2026-09-01 20:00:00,44.712
2026-09-01 21:00:00,39.787
2026-09-01 22:00:00,38.09
2026-09-01 23:00:00,36.788
2026-09-02 00:00:00,35.575
2026-09-02 01:00:00,39.032
2026-09-02 02:00:00,39.574
2026-09-02 03:00:00,39.146
2026-09-02 04:00:00,43.46
2026-09-02 05:00:00,44.403
2026-09-02 06:00:00,42.657
2026-09-02 07:00:00,41.648
2026-09-02 08:00:00,47.622
2026-09-02 09:00:00,53.492
2026-09-02 10:00:00,59.431
2026-09-02 11:00:00,64.755
2026-09-02 12:00:00,68.837
2026-09-02 13:00:00,71.471
2026-09-02 14:00:00,69.966
2026-09-02 15:00:00,69.599
2026-09-02 16:00:00,65.275
2026-09-02 17:00:00,56.254
2026-09-02 18:00:00,56.126
2026-09-02 19:00:00,45.58
2026-09-02 20:00:00,39.874
2026-09-02 21:00:00,42.631
2026-09-02 22:00:00,39.244
2026-09-02 23:00:00,41.071
2026-09-03 00:00:00,35.215
2026-09-03 01:00:00,42.86
2026-09-03 02:00:00,41.53
2026-09-03 03:00:00,37.389
2026-09-03 04:00:00,37.891
2026-09-03 05:00:00,45.332
2026-09-03 06:00:00,41.784
2026-09-03 07:00:00,43.843
2026-09-03 08:00:00,43.458
2026-09-03 09:00:00,54.152
2026-09-03 10:00:00,60.662
2026-09-03 11:00:00,69.082
2026-09-03 12:00:00,66.451
2026-09-03 13:00:00,67.786
2026-09-03 14:00:00,73.443
2026-09-03 15:00:00,72.044
2026-09-03 16:00:00,59.74
2026-09-03 17:00:00,61.535
2026-09-03 18:00:00,53.103
2026-09-03 19:00:00,50.32
2026-09-03 20:00:00,43.231
2026-09-03 21:00:00,36.558
2026-09-03 22:00:00,40.606
2026-09-03 23:00:00,42.565
2026-09-04 00:00:00,38.237
2026-09-04 01:00:00,39.293
2026-09-04 02:00:00,39.825
2026-09-04 03:00:00,34.562
2026-09-04 04:00:00,44.336
2026-09-04 05:00:00,39.949
2026-09-04 06:00:00,44.48
2026-09-04 07:00:00,45.553
2026-09-04 08:00:00,52.093
2026-09-04 09:00:00,56.158
2026-09-04 10:00:00,60.641
2026-09-04 11:00:00,64.155
2026-09-04 12:00:00,73.481
2026-09-04 13:00:00,66.639
2026-09-04 14:00:00,74.067
2026-09-04 15:00:00,65.597
2026-09-04 16:00:00,67.831
2026-09-04 17:00:00,59.096
2026-09-04 18:00:00,54.59
2026-09-04 19:00:00,48.01
2026-09-04 20:00:00,39.582
2026-09-04 21:00:00,40.034
2026-09-04 22:00:00,42.292
2026-09-04 23:00:00,40.759
2026-09-05 00:00:00,27.553
2026-09-05 01:00:00,26.571
2026-09-05 02:00:00,24.854
2026-09-05 03:00:00,25.228
2026-09-05 04:00:00,26.733
2026-09-05 05:00:00,24.046
2026-09-05 06:00:00,30.559
2026-09-05 07:00:00,30.395
2026-09-05 08:00:00,33.812
2026-09-05 09:00:00,33.805
2026-09-05 10:00:00,43.573
2026-09-05 11:00:00,49.9
2026-09-05 12:00:00,45.781
2026-09-05 13:00:00,51.607
2026-09-05 14:00:00,49.602
2026-09-05 15:00:00,44.456
2026-09-05 16:00:00,45.101
2026-09-05 17:00:00,41.55
2026-09-05 18:00:00,34.9
2026-09-05 19:00:00,33.543
2026-09-05 20:00:00,25.849
2026-09-05 21:00:00,25.16
2026-09-05 22:00:00,26.777
2026-09-05 23:00:00,26.308
2026-09-06 00:00:00,25.084
2026-09-06 01:00:00,27.1
2026-09-06 02:00:00,26.81
2026-09-06 03:00:00,27.402
2026-09-06 04:00:00,26.432
2026-09-06 05:00:00,28.012
2026-09-06 06:00:00,27.571
2026-09-06 07:00:00,32.792
2026-09-06 08:00:00,30.563
2026-09-06 09:00:00,40.155
2026-09-06 10:00:00,41.319
2026-09-06 11:00:00,42.722
2026-09-06 12:00:00,51.374
2026-09-06 13:00:00,50.243
2026-09-06 14:00:00,51.37
2026-09-06 15:00:00,49.965
2026-09-06 16:00:00,44.812
2026-09-06 17:00:00,39.094
2026-09-06 18:00:00,37.411
2026-09-06 19:00:00,31.81
2026-09-06 20:00:00,29.166
2026-09-06 21:00:00,24.264
2026-09-06 22:00:00,27.19
2026-09-06 23:00:00,25.435
2026-09-07 00:00:00,43.334
2026-09-07 01:00:00,41.318
2026-09-07 02:00:00,40.661
2026-09-07 03:00:00,41.405
2026-09-07 04:00:00,38.874
2026-09-07 05:00:00,45.23
2026-09-07 06:00:00,47.703
2026-09-07 07:00:00,46.65
2026-09-07 08:00:00,52.909
2026-09-07 09:00:00,53.573
2026-09-07 10:00:00,59.03
2026-09-07 11:00:00,67.016
2026-09-07 12:00:00,72.32
2026-09-07 13:00:00,71.447
2026-09-07 14:00:00,73.721
2026-09-07 15:00:00,69.9
2026-09-07 16:00:00,61.382
2026-09-07 17:00:00,60.043
2026-09-07 18:00:00,55.127
2026-09-07 19:00:00,48.214
2026-09-07 20:00:00,45.884
2026-09-07 21:00:00,39.288
2026-09-07 22:00:00,41.874
2026-09-07 23:00:00,38.057
2026-09-08 00:00:00,37.796
2026-09-08 01:00:00,38.806
2026-09-08 02:00:00,38.287
2026-09-08 03:00:00,39.314
2026-09-08 04:00:00,40.478
2026-09-08 05:00:00,43.585
2026-09-08 06:00:00,42.687
2026-09-08 07:00:00,42.124
2026-09-08 08:00:00,51.805
2026-09-08 09:00:00,52.863
2026-09-08 10:00:00,61.146
2026-09-08 11:00:00,68.258
2026-09-08 12:00:00,71.567
2026-09-08 13:00:00,76.283
2026-09-08 14:00:00,73.533
2026-09-08 15:00:00,66.324
2026-09-08 16:00:00,70.486
2026-09-08 17:00:00,59.183
2026-09-08 18:00:00,52.65
2026-09-08 19:00:00,50.027
2026-09-08 20:00:00,43.924
2026-09-08 21:00:00,42.669
2026-09-08 22:00:00,46.015
2026-09-08 23:00:00,39.866
2026-09-09 00:00:00,39.389
2026-09-09 01:00:00,40.304
2026-09-09 02:00:00,42.332
2026-09-09 03:00:00,37.377
2026-09-09 04:00:00,36.895
2026-09-09 05:00:00,40.606
2026-09-09 06:00:00,39.839
2026-09-09 07:00:00,44.78
2026-09-09 08:00:00,50.243
2026-09-09 09:00:00,52.721
2026-09-09 10:00:00,57.225
2026-09-09 11:00:00,67.103
2026-09-09 12:00:00,73.688
2026-09-09 13:00:00,67.219
2026-09-09 14:00:00,74.625
2026-09-09 15:00:00,71.464
2026-09-09 16:00:00,66.977
2026-09-09 17:00:00,61.898
2026-09-09 18:00:00,58.407
2026-09-09 19:00:00,47.008
2026-09-09 20:00:00,43.621
2026-09-09 21:00:00,40.963
2026-09-09 22:00:00,40.92
2026-09-09 23:00:00,43.52
2026-09-10 00:00:00,37.334
2026-09-10 01:00:00,38.345
2026-09-10 02:00:00,42.946
2026-09-10 03:00:00,42.484
2026-09-10 04:00:00,40.174
2026-09-10 05:00:00,43.621
2026-09-10 06:00:00,44.124
2026-09-10 07:00:00,49.184
2026-09-10 08:00:00,49.194
2026-09-10 09:00:00,57.8
2026-09-10 10:00:00,68.885
2026-09-10 11:00:00,68.722
2026-09-10 12:00:00,71.086
2026-09-10 13:00:00,75.075
2026-09-10 14:00:00,70.831
2026-09-10 15:00:00,76.273
2026-09-10 16:00:00,64.758
2026-09-10 17:00:00,57.945
2026-09-10 18:00:00,50.963
2026-09-10 19:00:00,50.332
2026-09-10 20:00:00,45.264
2026-09-10 21:00:00,40.794
2026-09-10 22:00:00,42.096
2026-09-10 23:00:00,37.373
2026-09-11 00:00:00,40.395
2026-09-11 01:00:00,40.977
2026-09-11 02:00:00,43.609
2026-09-11 03:00:00,38.864
2026-09-11 04:00:00,38.301
2026-09-11 05:00:00,39.961
2026-09-11 06:00:00,40.484
2026-09-11 07:00:00,48.809
2026-09-11 08:00:00,52.806
2026-09-11 09:00:00,55.931
2026-09-11 10:00:00,64.814
2026-09-11 11:00:00,67.301
2026-09-11 12:00:00,70.624
2026-09-11 13:00:00,71.645
2026-09-11 14:00:00,71.007
2026-09-11 15:00:00,64.223
2026-09-11 16:00:00,65.0
2026-09-11 17:00:00,58.561
2026-09-11 18:00:00,54.838
2026-09-11 19:00:00,48.036
2026-09-11 20:00:00,43.03
2026-09-11 21:00:00,40.012
2026-09-11 22:00:00,41.064
2026-09-11 23:00:00,41.914
2026-09-12 00:00:00,24.529
2026-09-12 01:00:00,26.159
2026-09-12 02:00:00,26.421
2026-09-12 03:00:00,25.331
2026-09-12 04:00:00,25.814
2026-09-12 05:00:00,27.506
2026-09-12 06:00:00,26.601
2026-09-12 07:00:00,30.259
2026-09-12 08:00:00,30.431
2026-09-12 09:00:00,38.359
2026-09-12 10:00:00,45.609
2026-09-12 11:00:00,43.746
2026-09-12 12:00:00,49.639
2026-09-12 13:00:00,48.442
2026-09-12 14:00:00,51.765
2026-09-12 15:00:00,45.012
2026-09-12 16:00:00,45.078
2026-09-12 17:00:00,38.61
2026-09-12 18:00:00,35.528
2026-09-12 19:00:00,30.276
2026-09-12 20:00:00,29.359
2026-09-12 21:00:00,26.054
2026-09-12 22:00:00,27.33
2026-09-12 23:00:00,25.822
2026-09-13 00:00:00,25.868
2026-09-13 01:00:00,26.238
2026-09-13 02:00:00,25.122
2026-09-13 03:00:00,26.551
2026-09-13 04:00:00,28.631
2026-09-13 05:00:00,26.134
2026-09-13 06:00:00,29.851
2026-09-13 07:00:00,31.966
2026-09-13 08:00:00,30.557
2026-09-13 09:00:00,34.021
2026-09-13 10:00:00,41.817
2026-09-13 11:00:00,44.37
2026-09-13 12:00:00,52.415
2026-09-13 13:00:00,50.051
2026-09-13 14:00:00,47.932
2026-09-13 15:00:00,45.247
2026-09-13 16:00:00,46.213
2026-09-13 17:00:00,39.13
2026-09-13 18:00:00,35.927
2026-09-13 19:00:00,33.23
2026-09-13 20:00:00,27.516
2026-09-13 21:00:00,27.13
2026-09-13 22:00:00,26.574
2026-09-13 23:00:00,27.172
2026-09-14 00:00:00,41.207
2026-09-14 01:00:00,39.629
2026-09-14 02:00:00,40.307
2026-09-14 03:00:00,39.671
2026-09-14 04:00:00,37.894
2026-09-14 05:00:00,42.373
2026-09-14 06:00:00,47.488
2026-09-14 07:00:00,43.73
2026-09-14 08:00:00,47.117
2026-09-14 09:00:00,52.774
2026-09-14 10:00:00,63.391
2026-09-14 11:00:00,68.264
2026-09-14 12:00:00,70.421
2026-09-14 13:00:00,69.744
2026-09-14 14:00:00,72.296
2026-09-14 15:00:00,64.171
2026-09-14 16:00:00,64.653
2026-09-14 17:00:00,60.978
2026-09-14 18:00:00,49.945
2026-09-14 19:00:00,44.316
2026-09-14 20:00:00,46.809
2026-09-14 21:00:00,40.555
2026-09-14 22:00:00,43.24
2026-09-14 23:00:00,40.111
2026-09-15 00:00:00,39.701
2026-09-15 01:00:00,40.948
2026-09-15 02:00:00,38.403
2026-09-15 03:00:00,40.69
2026-09-15 04:00:00,40.136
2026-09-15 05:00:00,39.072
2026-09-15 06:00:00,44.115
2026-09-15 07:00:00,45.149
2026-09-15 08:00:00,48.626
2026-09-15 09:00:00,51.874
2026-09-15 10:00:00,65.875
2026-09-15 11:00:00,69.575
2026-09-15 12:00:00,74.014
2026-09-15 13:00:00,71.735
2026-09-15 14:00:00,66.467
2026-09-15 15:00:00,74.941
2026-09-15 16:00:00,64.067
2026-09-15 17:00:00,56.683
2026-09-15 18:00:00,54.033
2026-09-15 19:00:00,50.492
2026-09-15 20:00:00,43.333
2026-09-15 21:00:00,44.509
2026-09-15 22:00:00,43.132
2026-09-15 23:00:00,38.247
2026-09-16 00:00:00,38.677
2026-09-16 01:00:00,41.988
2026-09-16 02:00:00,34.73
2026-09-16 03:00:00,40.12
2026-09-16 04:00:00,37.989
2026-09-16 05:00:00,40.837
2026-09-16 06:00:00,42.735
2026-09-16 07:00:00,44.932
2026-09-16 08:00:00,47.658
2026-09-16 09:00:00,52.174
2026-09-16 10:00:00,67.882
2026-09-16 11:00:00,72.609
2026-09-16 12:00:00,67.21
2026-09-16 13:00:00,77.869
2026-09-16 14:00:00,70.722
2026-09-16 15:00:00,69.357
2026-09-16 16:00:00,64.061
2026-09-16 17:00:00,56.919
2026-09-16 18:00:00,55.422
2026-09-16 19:00:00,48.11
2026-09-16 20:00:00,42.35
2026-09-16 21:00:00,39.105
2026-09-16 22:00:00,39.088
2026-09-16 23:00:00,37.105
2026-09-17 00:00:00,40.05
2026-09-17 01:00:00,37.673
2026-09-17 02:00:00,39.646
2026-09-17 03:00:00,43.191
2026-09-17 04:00:00,43.37
2026-09-17 05:00:00,41.767
2026-09-17 06:00:00,43.194
2026-09-17 07:00:00,50.052
2026-09-17 08:00:00,50.287
2026-09-17 09:00:00,54.213
2026-09-17 10:00:00,57.228
2026-09-17 11:00:00,68.097
2026-09-17 12:00:00,73.582
2026-09-17 13:00:00,70.675
2026-09-17 14:00:00,72.932
2026-09-17 15:00:00,67.848
2026-09-17 16:00:00,63.715
2026-09-17 17:00:00,52.074
2026-09-17 18:00:00,52.468
2026-09-17 19:00:00,50.04
2026-09-17 20:00:00,42.014
2026-09-17 21:00:00,41.944
2026-09-17 22:00:00,39.37
2026-09-17 23:00:00,41.15
2026-09-18 00:00:00,39.592
2026-09-18 01:00:00,38.188
2026-09-18 02:00:00,42.856
2026-09-18 03:00:00,42.299
2026-09-18 04:00:00,39.679
2026-09-18 05:00:00,42.875
2026-09-18 06:00:00,44.549
2026-09-18 07:00:00,47.221
2026-09-18 08:00:00,44.859
2026-09-18 09:00:00,57.75
2026-09-18 10:00:00,59.682
2026-09-18 11:00:00,65.795
2026-09-18 12:00:00,79.37
2026-09-18 13:00:00,73.708
2026-09-18 14:00:00,70.764
2026-09-18 15:00:00,62.21
2026-09-18 16:00:00,68.225
2026-09-18 17:00:00,55.103
2026-09-18 18:00:00,50.552
2026-09-18 19:00:00,47.064
2026-09-18 20:00:00,46.456
2026-09-18 21:00:00,43.452
2026-09-18 22:00:00,40.594
2026-09-18 23:00:00,41.045
2026-09-19 00:00:00,25.235
2026-09-19 01:00:00,26.227
2026-09-19 02:00:00,26.212
2026-09-19 03:00:00,27.547
2026-09-19 04:00:00,27.882
2026-09-19 05:00:00,27.864
2026-09-19 06:00:00,27.688
2026-09-19 07:00:00,30.842
2026-09-19 08:00:00,31.711
2026-09-19 09:00:00,34.664
2026-09-19 10:00:00,40.503
2026-09-19 11:00:00,45.627
2026-09-19 12:00:00,50.422
2026-09-19 13:00:00,49.59
2026-09-19 14:00:00,47.085
2026-09-19 15:00:00,47.643
2026-09-19 16:00:00,44.394
2026-09-19 17:00:00,40.434
2026-09-19 18:00:00,37.323
2026-09-19 19:00:00,33.324
2026-09-19 20:00:00,27.361
2026-09-19 21:00:00,26.355
2026-09-19 22:00:00,25.212
2026-09-19 23:00:00,27.192
2026-09-20 00:00:00,27.901
2026-09-20 01:00:00,25.635
2026-09-20 02:00:00,25.801
2026-09-20 03:00:00,28.201
2026-09-20 04:00:00,27.268
2026-09-20 05:00:00,27.785
2026-09-20 06:00:00,26.52
2026-09-20 07:00:00,30.748
2026-09-20 08:00:00,30.377
2026-09-20 09:00:00,34.574
2026-09-20 10:00:00,40.608
2026-09-20 11:00:00,44.293
2026-09-20 12:00:00,48.067
2026-09-20 13:00:00,46.933
2026-09-20 14:00:00,51.594
2026-09-20 15:00:00,49.774
2026-09-20 16:00:00,40.555
2026-09-20 17:00:00,41.8
2026-09-20 18:00:00,34.566
2026-09-20 19:00:00,33.083
2026-09-20 20:00:00,28.103
2026-09-20 21:00:00,27.231
2026-09-20 22:00:00,26.35
2026-09-20 23:00:00,27.867
2026-09-21 00:00:00,37.545
2026-09-21 01:00:00,41.288
2026-09-21 02:00:00,42.392
2026-09-21 03:00:00,41.87
2026-09-21 04:00:00,45.672
2026-09-21 05:00:00,40.728
2026-09-21 06:00:00,45.46
2026-09-21 07:00:00,45.509
2026-09-21 08:00:00,52.034
2026-09-21 09:00:00,55.061
2026-09-21 10:00:00,60.203
2026-09-21 11:00:00,70.89
2026-09-21 12:00:00,69.355
2026-09-21 13:00:00,68.136
2026-09-21 14:00:00,70.346
2026-09-21 15:00:00,70.857
2026-09-21 16:00:00,68.232
2026-09-21 17:00:00,58.963
2026-09-21 18:00:00,56.242
2026-09-21 19:00:00,44.715
2026-09-21 20:00:00,42.422
2026-09-21 21:00:00,41.231
2026-09-21 22:00:00,40.682
2026-09-21 23:00:00,40.592
2026-09-22 00:00:00,41.408
2026-09-22 01:00:00,39.179
2026-09-22 02:00:00,40.458
2026-09-22 03:00:00,40.331
2026-09-22 04:00:00,39.022
2026-09-22 05:00:00,41.596
2026-09-22 06:00:00,43.072
2026-09-22 07:00:00,45.374
2026-09-22 08:00:00,49.089
2026-09-22 09:00:00,55.282
2026-09-22 10:00:00,60.075
2026-09-22 11:00:00,70.788
2026-09-22 12:00:00,67.186
2026-09-22 13:00:00,70.384
2026-09-22 14:00:00,80.896
2026-09-22 15:00:00,65.784
2026-09-22 16:00:00,60.363
2026-09-22 17:00:00,60.615
2026-09-22 18:00:00,47.921
2026-09-22 19:00:00,47.284
2026-09-22 20:00:00,48.038
2026-09-22 21:00:00,38.603
2026-09-22 22:00:00,36.862
2026-09-22 23:00:00,37.392
2026-09-23 00:00:00,41.823
2026-09-23 01:00:00,42.324
2026-09-23 02:00:00,39.149
2026-09-23 03:00:00,41.803
2026-09-23 04:00:00,43.761
2026-09-23 05:00:00,45.573
2026-09-23 06:00:00,42.849
2026-09-23 07:00:00,40.487
2026-09-23 08:00:00,47.0
2026-09-23 09:00:00,53.951
2026-09-23 10:00:00,60.572
2026-09-23 11:00:00,66.316
2026-09-23 12:00:00,74.509
2026-09-23 13:00:00,76.869
2026-09-23 14:00:00,71.451
2026-09-23 15:00:00,72.325
2026-09-23 16:00:00,65.267
2026-09-23 17:00:00,58.839
2026-09-23 18:00:00,55.233
2026-09-23 19:00:00,47.987
2026-09-23 20:00:00,47.847
2026-09-23 21:00:00,38.825
2026-09-23 22:00:00,39.863
2026-09-23 23:00:00,40.166
2026-09-24 00:00:00,40.905
2026-09-24 01:00:00,42.61
2026-09-24 02:00:00,40.13
2026-09-24 03:00:00,37.548
2026-09-24 04:00:00,42.64
2026-09-24 05:00:00,43.413
2026-09-24 06:00:00,39.171
2026-09-24 07:00:00,45.743
2026-09-24 08:00:00,45.114
2026-09-24 09:00:00,53.32
2026-09-24 10:00:00,58.727
2026-09-24 11:00:00,69.369
2026-09-24 12:00:00,71.302
2026-09-24 13:00:00,68.549
2026-09-24 14:00:00,74.816
2026-09-24 15:00:00,64.572
2026-09-24 16:00:00,65.188
2026-09-24 17:00:00,56.511
2026-09-24 18:00:00,52.115
2026-09-24 19:00:00,48.976
2026-09-24 20:00:00,44.514
2026-09-24 21:00:00,44.631
2026-09-24 22:00:00,40.748
2026-09-24 23:00:00,41.041
2026-09-25 00:00:00,39.149
2026-09-25 01:00:00,40.435
2026-09-25 02:00:00,41.062
2026-09-25 03:00:00,40.223
2026-09-25 04:00:00,37.226
2026-09-25 05:00:00,42.528
2026-09-25 06:00:00,44.174
2026-09-25 07:00:00,44.196
2026-09-25 08:00:00,45.864
2026-09-25 09:00:00,58.994
2026-09-25 10:00:00,62.723
2026-09-25 11:00:00,66.19
2026-09-25 12:00:00,67.29
2026-09-25 13:00:00,70.057
2026-09-25 14:00:00,76.168
2026-09-25 15:00:00,69.383
2026-09-25 16:00:00,62.665
2026-09-25 17:00:00,60.019
2026-09-25 18:00:00,51.015
2026-09-25 19:00:00,51.256
2026-09-25 20:00:00,46.318
2026-09-25 21:00:00,40.858
2026-09-25 22:00:00,39.63
2026-09-25 23:00:00,35.13
2026-09-26 00:00:00,24.089
2026-09-26 01:00:00,24.301
2026-09-26 02:00:00,26.293
2026-09-26 03:00:00,25.846
2026-09-26 04:00:00,24.807
2026-09-26 05:00:00,26.81
2026-09-26 06:00:00,28.912
2026-09-26 07:00:00,30.523
2026-09-26 08:00:00,28.831
2026-09-26 09:00:00,36.307
2026-09-26 10:00:00,38.677
2026-09-26 11:00:00,47.254
2026-09-26 12:00:00,50.159
2026-09-26 13:00:00,48.08
2026-09-26 14:00:00,48.007
2026-09-26 15:00:00,46.612
2026-09-26 16:00:00,39.986
2026-09-26 17:00:00,40.693
2026-09-26 18:00:00,35.423
2026-09-26 19:00:00,33.252
2026-09-26 20:00:00,26.65
2026-09-26 21:00:00,26.35
2026-09-26 22:00:00,24.592
2026-09-26 23:00:00,24.955
2026-09-27 00:00:00,24.479
2026-09-27 01:00:00,27.343
2026-09-27 02:00:00,25.205
2026-09-27 03:00:00,26.437
2026-09-27 04:00:00,26.089
2026-09-27 05:00:00,25.466
2026-09-27 06:00:00,27.962
2026-09-27 07:00:00,30.629
2026-09-27 08:00:00,29.933
2026-09-27 09:00:00,37.922
2026-09-27 10:00:00,39.671
2026-09-27 11:00:00,44.498
2026-09-27 12:00:00,49.632
2026-09-27 13:00:00,48.576
2026-09-27 14:00:00,49.678
2026-09-27 15:00:00,46.903
2026-09-27 16:00:00,44.423
2026-09-27 17:00:00,36.012
2026-09-27 18:00:00,32.943
2026-09-27 19:00:00,32.725
2026-09-27 20:00:00,29.662
2026-09-27 21:00:00,25.954
2026-09-27 22:00:00,26.271
2026-09-27 23:00:00,26.661
2026-09-28 00:00:00,41.413
2026-09-28 01:00:00,36.008
2026-09-28 02:00:00,38.399
2026-09-28 03:00:00,39.75
2026-09-28 04:00:00,42.355
2026-09-28 05:00:00,47.06
2026-09-28 06:00:00,42.889
2026-09-28 07:00:00,42.533
2026-09-28 08:00:00,49.997
2026-09-28 09:00:00,58.583
2026-09-28 10:00:00,61.624
2026-09-28 11:00:00,64.115
2026-09-28 12:00:00,73.994
2026-09-28 13:00:00,74.884
2026-09-28 14:00:00,68.717
2026-09-28 15:00:00,70.129
2026-09-28 16:00:00,67.1
2026-09-28 17:00:00,61.801
2026-09-28 18:00:00,52.848
2026-09-28 19:00:00,47.003
2026-09-28 20:00:00,46.046
2026-09-28 21:00:00,39.303
2026-09-28 22:00:00,41.814
2026-09-28 23:00:00,37.653
2026-09-29 00:00:00,42.157
2026-09-29 01:00:00,39.553
2026-09-29 02:00:00,42.728
2026-09-29 03:00:00,41.415
2026-09-29 04:00:00,38.414
2026-09-29 05:00:00,44.814
2026-09-29 06:00:00,46.748
2026-09-29 07:00:00,47.77
2026-09-29 08:00:00,47.145
2026-09-29 09:00:00,54.271
2026-09-29 10:00:00,61.731
2026-09-29 11:00:00,64.736
2026-09-29 12:00:00,76.344
2026-09-29 13:00:00,73.196
2026-09-29 14:00:00,63.349
2026-09-29 15:00:00,70.001
2026-09-29 16:00:00,63.245
2026-09-29 17:00:00,58.47
2026-09-29 18:00:00,52.108
2026-09-29 19:00:00,49.668
2026-09-29 20:00:00,45.812
2026-09-29 21:00:00,42.426
2026-09-29 22:00:00,40.222
2026-09-29 23:00:00,40.338
2026-09-30 00:00:00,40.064
2026-09-30 01:00:00,38.462
2026-09-30 02:00:00,41.342
2026-09-30 03:00:00,41.352
2026-09-30 04:00:00,44.068
2026-09-30 05:00:00,44.46
2026-09-30 06:00:00,41.896
2026-09-30 07:00:00,47.628
2026-09-30 08:00:00,46.681
2026-09-30 09:00:00,56.926
2026-09-30 10:00:00,59.834
2026-09-30 11:00:00,63.758
2026-09-30 12:00:00,71.824
2026-09-30 13:00:00,64.035
2026-09-30 14:00:00,66.397
2026-09-30 15:00:00,68.418
2026-09-30 16:00:00,64.479
2026-09-30 17:00:00,57.689
2026-09-30 18:00:00,49.141
2026-09-30 19:00:00,45.951
2026-09-30 20:00:00,44.232
2026-09-30 21:00:00,43.051
2026-09-30 22:00:00,40.883
2026-09-30 23:00:00,42.76
2026-10-01 00:00:00,42.862
2026-10-01 01:00:00,40.501
2026-10-01 02:00:00,41.596
2026-10-01 03:00:00,39.466
2026-10-01 04:00:00,42.73
2026-10-01 05:00:00,46.368
2026-10-01 06:00:00,47.113
2026-10-01 07:00:00,51.407
2026-10-01 08:00:00,50.682
2026-10-01 09:00:00,61.479
2026-10-01 10:00:00,63.598
2026-10-01 11:00:00,74.684
2026-10-01 12:00:00,74.055
2026-10-01 13:00:00,78.391
2026-10-01 14:00:00,80.157
2026-10-01 15:00:00,71.401
2026-10-01 16:00:00,67.765
2026-10-01 17:00:00,64.906
2026-10-01 18:00:00,55.12
2026-10-01 19:00:00,46.937
2026-10-01 20:00:00,50.434
2026-10-01 21:00:00,42.894
2026-10-01 22:00:00,43.303
2026-10-01 23:00:00,44.896
2026-10-02 00:00:00,40.748
2026-10-02 01:00:00,39.953
2026-10-02 02:00:00,42.723
2026-10-02 03:00:00,38.638
2026-10-02 04:00:00,42.344
2026-10-02 05:00:00,44.464
2026-10-02 06:00:00,44.938
2026-10-02 07:00:00,44.332
2026-10-02 08:00:00,55.564
2026-10-02 09:00:00,58.021
2026-10-02 10:00:00,68.486
2026-10-02 11:00:00,69.117
2026-10-02 12:00:00,71.171
2026-10-02 13:00:00,76.896
2026-10-02 14:00:00,74.475
2026-10-02 15:00:00,68.237
2026-10-02 16:00:00,71.531
2026-10-02 17:00:00,59.587
2026-10-02 18:00:00,50.727
2026-10-02 19:00:00,53.3
2026-10-02 20:00:00,44.404
2026-10-02 21:00:00,42.591
2026-10-02 22:00:00,39.17
2026-10-02 23:00:00,46.138
2026-10-03 00:00:00,25.556
2026-10-03 01:00:00,27.428
2026-10-03 02:00:00,28.674
2026-10-03 03:00:00,28.17
2026-10-03 04:00:00,27.842
2026-10-03 05:00:00,26.123
2026-10-03 06:00:00,28.41
2026-10-03 07:00:00,31.519
2026-10-03 08:00:00,32.134
2026-10-03 09:00:00,38.619
2026-10-03 10:00:00,44.45
2026-10-03 11:00:00,49.46
2026-10-03 12:00:00,47.93
2026-10-03 13:00:00,56.962
2026-10-03 14:00:00,53.356
2026-10-03 15:00:00,49.516
2026-10-03 16:00:00,48.176
2026-10-03 17:00:00,46.116
2026-10-03 18:00:00,35.044
2026-10-03 19:00:00,32.944
2026-10-03 20:00:00,26.088
2026-10-03 21:00:00,28.827
2026-10-03 22:00:00,28.436
2026-10-03 23:00:00,27.534
2026-10-04 00:00:00,26.423
2026-10-04 01:00:00,24.545
2026-10-04 02:00:00,27.934
2026-10-04 03:00:00,29.596
2026-10-04 04:00:00,27.1
2026-10-04 05:00:00,29.18
2026-10-04 06:00:00,27.288
2026-10-04 07:00:00,31.939
2026-10-04 08:00:00,32.792
2026-10-04 09:00:00,36.872
2026-10-04 10:00:00,41.63
2026-10-04 11:00:00,46.627
2026-10-04 12:00:00,51.444
2026-10-04 13:00:00,49.179
2026-10-04 14:00:00,50.813
2026-10-04 15:00:00,49.433
2026-10-04 16:00:00,43.896
2026-10-04 17:00:00,45.087
2026-10-04 18:00:00,36.023
2026-10-04 19:00:00,32.251
2026-10-04 20:00:00,28.161
2026-10-04 21:00:00,31.119
2026-10-04 22:00:00,28.697
2026-10-04 23:00:00,26.296
2026-10-05 00:00:00,44.351
2026-10-05 01:00:00,42.496
2026-10-05 02:00:00,42.731
2026-10-05 03:00:00,41.712
2026-10-05 04:00:00,41.352
2026-10-05 05:00:00,44.668
2026-10-05 06:00:00,44.311
2026-10-05 07:00:00,52.403
2026-10-05 08:00:00,48.196
2026-10-05 09:00:00,62.008
2026-10-05 10:00:00,63.845
2026-10-05 11:00:00,70.914
2026-10-05 12:00:00,76.928
2026-10-05 13:00:00,73.827
2026-10-05 14:00:00,78.104
2026-10-05 15:00:00,63.319
2026-10-05 16:00:00,64.942
2026-10-05 17:00:00,58.747
2026-10-05 18:00:00,52.236
2026-10-05 19:00:00,49.593
2026-10-05 20:00:00,46.431
2026-10-05 21:00:00,45.469
2026-10-05 22:00:00,43.48
2026-10-05 23:00:00,41.03
2026-10-06 00:00:00,42.802
2026-10-06 01:00:00,42.335
2026-10-06 02:00:00,44.163
2026-10-06 03:00:00,44.092
2026-10-06 04:00:00,43.028
2026-10-06 05:00:00,41.955
2026-10-06 06:00:00,44.065
2026-10-06 07:00:00,46.719
2026-10-06 08:00:00,50.651
2026-10-06 09:00:00,58.478
2026-10-06 10:00:00,66.332
2026-10-06 11:00:00,69.788
2026-10-06 12:00:00,74.183
2026-10-06 13:00:00,76.466
2026-10-06 14:00:00,73.467
2026-10-06 15:00:00,69.048
2026-10-06 16:00:00,61.826
2026-10-06 17:00:00,59.384
2026-10-06 18:00:00,56.679
2026-10-06 19:00:00,48.421
2026-10-06 20:00:00,45.011
2026-10-06 21:00:00,44.95
2026-10-06 22:00:00,44.081
2026-10-06 23:00:00,40.152
2026-10-07 00:00:00,44.122
2026-10-07 01:00:00,44.445
2026-10-07 02:00:00,39.805
2026-10-07 03:00:00,40.695
2026-10-07 04:00:00,45.521
2026-10-07 05:00:00,43.603
2026-10-07 06:00:00,40.497
2026-10-07 07:00:00,44.677
2026-10-07 08:00:00,50.82
2026-10-07 09:00:00,54.496
2026-10-07 10:00:00,62.936
2026-10-07 11:00:00,70.057
2026-10-07 12:00:00,79.042
2026-10-07 13:00:00,74.986
2026-10-07 14:00:00,78.804
2026-10-07 15:00:00,76.616
2026-10-07 16:00:00,71.424
2026-10-07 17:00:00,62.111
2026-10-07 18:00:00,50.41
2026-10-07 19:00:00,51.217
2026-10-07 20:00:00,47.94
2026-10-07 21:00:00,43.748
2026-10-07 22:00:00,46.71
2026-10-07 23:00:00,44.268
2026-10-08 00:00:00,43.221
2026-10-08 01:00:00,44.359
2026-10-08 02:00:00,42.891
2026-10-08 03:00:00,37.153
2026-10-08 04:00:00,41.89
2026-10-08 05:00:00,46.555
2026-10-08 06:00:00,43.713
2026-10-08 07:00:00,47.502
2026-10-08 08:00:00,48.773
2026-10-08 09:00:00,62.697
2026-10-08 10:00:00,69.24
2026-10-08 11:00:00,67.111
2026-10-08 12:00:00,74.623
2026-10-08 13:00:00,73.655
2026-10-08 14:00:00,77.266
2026-10-08 15:00:00,73.662
2026-10-08 16:00:00,69.551
2026-10-08 17:00:00,62.242
2026-10-08 18:00:00,63.015
2026-10-08 19:00:00,47.641
2026-10-08 20:00:00,41.656
2026-10-08 21:00:00,43.063
2026-10-08 22:00:00,39.594
2026-10-08 23:00:00,39.276
2026-10-09 00:00:00,39.922
2026-10-09 01:00:00,40.134
2026-10-09 02:00:00,40.174
2026-10-09 03:00:00,43.543
2026-10-09 04:00:00,41.875
2026-10-09 05:00:00,43.532
2026-10-09 06:00:00,47.589
2026-10-09 07:00:00,46.199
2026-10-09 08:00:00,50.781
2026-10-09 09:00:00,58.75
2026-10-09 10:00:00,58.338
2026-10-09 11:00:00,62.286
2026-10-09 12:00:00,75.291
2026-10-09 13:00:00,77.656
2026-10-09 14:00:00,82.136
2026-10-09 15:00:00,72.532
2026-10-09 16:00:00,69.575
2026-10-09 17:00:00,60.775
2026-10-09 18:00:00,56.227
2026-10-09 19:00:00,54.114
2026-10-09 20:00:00,40.715
2026-10-09 21:00:00,44.834
2026-10-09 22:00:00,47.55
2026-10-09 23:00:00,43.042
2026-10-10 00:00:00,29.572
2026-10-10 01:00:00,26.487
2026-10-10 02:00:00,27.378
2026-10-10 03:00:00,27.634
2026-10-10 04:00:00,24.829
2026-10-10 05:00:00,26.884
2026-10-10 06:00:00,27.985
2026-10-10 07:00:00,32.509
2026-10-10 08:00:00,34.909
2026-10-10 09:00:00,38.837
2026-10-10 10:00:00,44.729
2026-10-10 11:00:00,47.106
2026-10-10 12:00:00,53.233
2026-10-10 13:00:00,52.109
2026-10-10 14:00:00,51.806
2026-10-10 15:00:00,48.965
2026-10-10 16:00:00,47.384
2026-10-10 17:00:00,41.075
2026-10-10 18:00:00,39.083
2026-10-10 19:00:00,31.528
2026-10-10 20:00:00,27.982
2026-10-10 21:00:00,29.533
2026-10-10 22:00:00,27.802
2026-10-10 23:00:00,26.962
2026-10-11 00:00:00,28.533
2026-10-11 01:00:00,26.517
2026-10-11 02:00:00,27.148
2026-10-11 03:00:00,29.518
2026-10-11 04:00:00,30.075
2026-10-11 05:00:00,30.797
2026-10-11 06:00:00,29.191
2026-10-11 07:00:00,33.147
2026-10-11 08:00:00,31.863
2026-10-11 09:00:00,36.61
2026-10-11 10:00:00,38.52
2026-10-11 11:00:00,50.945
2026-10-11 12:00:00,48.721
2026-10-11 13:00:00,51.809
2026-10-11 14:00:00,49.692
2026-10-11 15:00:00,50.972
2026-10-11 16:00:00,45.31
2026-10-11 17:00:00,39.477
2026-10-11 18:00:00,38.189
2026-10-11 19:00:00,31.058
2026-10-11 20:00:00,28.369
2026-10-11 21:00:00,25.544
2026-10-11 22:00:00,25.937
2026-10-11 23:00:00,27.834
2026-10-12 00:00:00,37.898
2026-10-12 01:00:00,38.958
2026-10-12 02:00:00,42.183
2026-10-12 03:00:00,41.289
2026-10-12 04:00:00,47.241
2026-10-12 05:00:00,47.954
2026-10-12 06:00:00,43.576
2026-10-12 07:00:00,49.377
2026-10-12 08:00:00,53.39
2026-10-12 09:00:00,56.07
2026-10-12 10:00:00,59.68
2026-10-12 11:00:00,69.913
2026-10-12 12:00:00,73.548
2026-10-12 13:00:00,74.49
2026-10-12 14:00:00,76.686
2026-10-12 15:00:00,69.61
2026-10-12 16:00:00,63.642
2026-10-12 17:00:00,61.622
2026-10-12 18:00:00,56.455
2026-10-12 19:00:00,47.284
2026-10-12 20:00:00,47.666
2026-10-12 21:00:00,40.037
2026-10-12 22:00:00,41.72
2026-10-12 23:00:00,41.896
2026-10-13 00:00:00,40.69
2026-10-13 01:00:00,40.885
2026-10-13 02:00:00,46.135
2026-10-13 03:00:00,40.637
2026-10-13 04:00:00,48.206
2026-10-13 05:00:00,44.886
2026-10-13 06:00:00,45.762
2026-10-13 07:00:00,49.183
2026-10-13 08:00:00,57.971
2026-10-13 09:00:00,54.967
2026-10-13 10:00:00,60.809
2026-10-13 11:00:00,67.526
2026-10-13 12:00:00,74.236
2026-10-13 13:00:00,70.088
2026-10-13 14:00:00,75.275
2026-10-13 15:00:00,77.468
2026-10-13 16:00:00,67.564
2026-10-13 17:00:00,60.504
2026-10-13 18:00:00,53.871
2026-10-13 19:00:00,52.268
2026-10-13 20:00:00,43.672
2026-10-13 21:00:00,47.981
2026-10-13 22:00:00,47.115
2026-10-13 23:00:00,42.988
2026-10-14 00:00:00,42.002
2026-10-14 01:00:00,44.242
2026-10-14 02:00:00,44.497
2026-10-14 03:00:00,40.733
2026-10-14 04:00:00,41.831
2026-10-14 05:00:00,41.022
2026-10-14 06:00:00,46.484
2026-10-14 07:00:00,49.64
2026-10-14 08:00:00,47.988
2026-10-14 09:00:00,56.466
2026-10-14 10:00:00,60.126
2026-10-14 11:00:00,67.063
2026-10-14 12:00:00,75.98
2026-10-14 13:00:00,73.474
2026-10-14 14:00:00,74.189
2026-10-14 15:00:00,66.792
2026-10-14 16:00:00,67.671
2026-10-14 17:00:00,61.195
2026-10-14 18:00:00,53.586
2026-10-14 19:00:00,49.656
2026-10-14 20:00:00,45.963
2026-10-14 21:00:00,42.136
2026-10-14 22:00:00,39.791
2026-10-14 23:00:00,46.275
2026-10-15 00:00:00,40.696
2026-10-15 01:00:00,41.87
2026-10-15 02:00:00,44.32
2026-10-15 03:00:00,49.932
2026-10-15 04:00:00,40.289
2026-10-15 05:00:00,44.914
2026-10-15 06:00:00,43.941
2026-10-15 07:00:00,46.745
2026-10-15 08:00:00,49.609
2026-10-15 09:00:00,54.6
2026-10-15 10:00:00,64.056
2026-10-15 11:00:00,65.212
2026-10-15 12:00:00,77.31
2026-10-15 13:00:00,76.165
2026-10-15 14:00:00,76.62
2026-10-15 15:00:00,70.525
2026-10-15 16:00:00,66.003
2026-10-15 17:00:00,62.119
2026-10-15 18:00:00,52.467
2026-10-15 19:00:00,49.25
2026-10-15 20:00:00,43.595
2026-10-15 21:00:00,41.97
2026-10-15 22:00:00,38.43
2026-10-15 23:00:00,45.285
2026-10-16 00:00:00,40.584
2026-10-16 01:00:00,44.521
2026-10-16 02:00:00,44.443
2026-10-16 03:00:00,39.714
2026-10-16 04:00:00,40.624
2026-10-16 05:00:00,49.55
2026-10-16 06:00:00,49.541
2026-10-16 07:00:00,47.964
2026-10-16 08:00:00,52.124
2026-10-16 09:00:00,55.977
2026-10-16 10:00:00,65.481
2026-10-16 11:00:00,67.647
2026-10-16 12:00:00,67.3
2026-10-16 13:00:00,71.468
2026-10-16 14:00:00,75.271
2026-10-16 15:00:00,68.387
2026-10-16 16:00:00,66.906
2026-10-16 17:00:00,58.328
2026-10-16 18:00:00,53.449
2026-10-16 19:00:00,52.159
2026-10-16 20:00:00,46.116
2026-10-16 21:00:00,43.905
2026-10-16 22:00:00,44.85
2026-10-16 23:00:00,43.463
2026-10-17 00:00:00,29.293
2026-10-17 01:00:00,26.719
2026-10-17 02:00:00,26.833
2026-10-17 03:00:00,25.793
2026-10-17 04:00:00,27.327
2026-10-17 05:00:00,29.929
2026-10-17 06:00:00,31.534
2026-10-17 07:00:00,32.725
2026-10-17 08:00:00,30.449
2026-10-17 09:00:00,40.21
2026-10-17 10:00:00,39.521
2026-10-17 11:00:00,49.326
2026-10-17 12:00:00,49.805
2026-10-17 13:00:00,53.648
2026-10-17 14:00:00,48.77
2026-10-17 15:00:00,51.967
2026-10-17 16:00:00,43.18
2026-10-17 17:00:00,40.628
2026-10-17 18:00:00,35.781
2026-10-17 19:00:00,30.557
2026-10-17 20:00:00,29.749
2026-10-17 21:00:00,31.13
2026-10-17 22:00:00,31.649
2026-10-17 23:00:00,27.722
2026-10-18 00:00:00,28.842
2026-10-18 01:00:00,27.665
2026-10-18 02:00:00,28.106
2026-10-18 03:00:00,27.116
2026-10-18 04:00:00,28.198
2026-10-18 05:00:00,29.319
2026-10-18 06:00:00,28.753
2026-10-18 07:00:00,31.105
2026-10-18 08:00:00,33.352
2026-10-18 09:00:00,39.746
2026-10-18 10:00:00,41.032
2026-10-18 11:00:00,47.341
2026-10-18 12:00:00,54.784
2026-10-18 13:00:00,54.672
2026-10-18 14:00:00,54.627
2026-10-18 15:00:00,49.571
2026-10-18 16:00:00,46.673
2026-10-18 17:00:00,43.65
2026-10-18 18:00:00,40.06
2026-10-18 19:00:00,30.249
2026-10-18 20:00:00,27.662
2026-10-18 21:00:00,30.421
2026-10-18 22:00:00,27.539
2026-10-18 23:00:00,26.661
2026-10-19 00:00:00,39.391
2026-10-19 01:00:00,40.906
2026-10-19 02:00:00,39.23
2026-10-19 03:00:00,46.881
2026-10-19 04:00:00,42.914
2026-10-19 05:00:00,43.799
2026-10-19 06:00:00,46.892
2026-10-19 07:00:00,50.351
2026-10-19 08:00:00,53.896
2026-10-19 09:00:00,60.72
2026-10-19 10:00:00,62.282
2026-10-19 11:00:00,68.995
2026-10-19 12:00:00,76.712
2026-10-19 13:00:00,74.178
2026-10-19 14:00:00,75.183
2026-10-19 15:00:00,73.305
2026-10-19 16:00:00,69.471
2026-10-19 17:00:00,56.371
2026-10-19 18:00:00,57.301
2026-10-19 19:00:00,49.548
2026-10-19 20:00:00,47.164
2026-10-19 21:00:00,45.632
2026-10-19 22:00:00,46.416
2026-10-19 23:00:00,45.315
2026-10-20 00:00:00,44.856
2026-10-20 01:00:00,45.111
2026-10-20 02:00:00,42.803
2026-10-20 03:00:00,42.511
2026-10-20 04:00:00,44.837
2026-10-20 05:00:00,45.534
2026-10-20 06:00:00,44.849
2026-10-20 07:00:00,49.012
2026-10-20 08:00:00,51.371
2026-10-20 09:00:00,55.356
2026-10-20 10:00:00,68.063
2026-10-20 11:00:00,70.13
2026-10-20 12:00:00,81.012
2026-10-20 13:00:00,70.43
2026-10-20 14:00:00,73.329
2026-10-20 15:00:00,72.128
2026-10-20 16:00:00,70.531
2026-10-20 17:00:00,62.43
2026-10-20 18:00:00,56.261
2026-10-20 19:00:00,47.402
2026-10-20 20:00:00,42.917
2026-10-20 21:00:00,44.634
2026-10-20 22:00:00,40.032
2026-10-20 23:00:00,41.314
2026-10-21 00:00:00,43.079
2026-10-21 01:00:00,40.007
2026-10-21 02:00:00,45.574
2026-10-21 03:00:00,45.04
2026-10-21 04:00:00,39.587
2026-10-21 05:00:00,41.878
2026-10-21 06:00:00,40.346
2026-10-21 07:00:00,46.159
2026-10-21 08:00:00,53.434
2026-10-21 09:00:00,56.58
2026-10-21 10:00:00,65.566
2026-10-21 11:00:00,65.059
2026-10-21 12:00:00,76.81
2026-10-21 13:00:00,74.083
2026-10-21 14:00:00,75.241
2026-10-21 15:00:00,71.725
2026-10-21 16:00:00,63.282
2026-10-21 17:00:00,58.11
2026-10-21 18:00:00,57.952
2026-10-21 19:00:00,51.068
2026-10-21 20:00:00,47.944
2026-10-21 21:00:00,44.639
2026-10-21 22:00:00,43.269
2026-10-21 23:00:00,38.78
2026-10-22 00:00:00,41.458
2026-10-22 01:00:00,42.016
2026-10-22 02:00:00,46.308
2026-10-22 03:00:00,43.901
2026-10-22 04:00:00,46.262
2026-10-22 05:00:00,45.238
2026-10-22 06:00:00,43.932
2026-10-22 07:00:00,48.321
2026-10-22 08:00:00,52.07
2026-10-22 09:00:00,55.119
2026-10-22 10:00:00,63.023
2026-10-22 11:00:00,69.291
2026-10-22 12:00:00,79.523
2026-10-22 13:00:00,68.877
2026-10-22 14:00:00,79.252
2026-10-22 15:00:00,69.012
2026-10-22 16:00:00,62.98
2026-10-22 17:00:00,64.603
2026-10-22 18:00:00,57.345
2026-10-22 19:00:00,53.123
2026-10-22 20:00:00,47.376
2026-10-22 21:00:00,48.45
2026-10-22 22:00:00,44.162
2026-10-22 23:00:00,42.111
2026-10-23 00:00:00,42.747
2026-10-23 01:00:00,44.689
2026-10-23 02:00:00,40.544
2026-10-23 03:00:00,41.06
2026-10-23 04:00:00,42.299
2026-10-23 05:00:00,39.304
2026-10-23 06:00:00,45.867
2026-10-23 07:00:00,43.509
2026-10-23 08:00:00,51.598
2026-10-23 09:00:00,60.141
2026-10-23 10:00:00,62.745
2026-10-23 11:00:00,75.344
2026-10-23 12:00:00,69.221
2026-10-23 13:00:00,80.043
2026-10-23 14:00:00,77.469
2026-10-23 15:00:00,66.507
2026-10-23 16:00:00,75.265
2026-10-23 17:00:00,61.141
2026-10-23 18:00:00,53.204
2026-10-23 19:00:00,46.73
2026-10-23 20:00:00,45.051
2026-10-23 21:00:00,43.646
2026-10-23 22:00:00,43.183
2026-10-23 23:00:00,41.811
2026-10-24 00:00:00,28.182
2026-10-24 01:00:00,26.818
2026-10-24 02:00:00,24.769
2026-10-24 03:00:00,27.382
2026-10-24 04:00:00,24.62
2026-10-24 05:00:00,29.057
2026-10-24 06:00:00,28.159
2026-10-24 07:00:00,31.481
2026-10-24 08:00:00,35.648
2026-10-24 09:00:00,36.534
2026-10-24 10:00:00,45.193
2026-10-24 11:00:00,46.544
2026-10-24 12:00:00,54.437
2026-10-24 13:00:00,51.28
2026-10-24 14:00:00,49.844
2026-10-24 15:00:00,50.956
2026-10-24 16:00:00,45.193
2026-10-24 17:00:00,40.315
2026-10-24 18:00:00,36.651
2026-10-24 19:00:00,33.226
2026-10-24 20:00:00,31.596
2026-10-24 21:00:00,25.791
2026-10-24 22:00:00,27.958
2026-10-24 23:00:00,28.45
2026-10-25 00:00:00,27.581
2026-10-25 01:00:00,29.139
2026-10-25 02:00:00,27.32
2026-10-25 03:00:00,27.333
2026-10-25 04:00:00,28.753
2026-10-25 05:00:00,28.694
2026-10-25 06:00:00,29.031
2026-10-25 07:00:00,32.031
2026-10-25 08:00:00,32.359
2026-10-25 09:00:00,37.145
2026-10-25 10:00:00,42.084
2026-10-25 11:00:00,50.277
2026-10-25 12:00:00,43.574
2026-10-25 13:00:00,52.967
2026-10-25 14:00:00,51.755
2026-10-25 15:00:00,46.007
2026-10-25 16:00:00,46.651
2026-10-25 17:00:00,42.698
2026-10-25 18:00:00,38.436
2026-10-25 19:00:00,29.156
2026-10-25 20:00:00,31.632
2026-10-25 21:00:00,27.499
2026-10-25 22:00:00,28.884
2026-10-25 23:00:00,28.61
2026-10-26 00:00:00,40.184
2026-10-26 01:00:00,43.463
2026-10-26 02:00:00,41.375
2026-10-26 03:00:00,38.047
2026-10-26 04:00:00,45.471
2026-10-26 05:00:00,42.224
2026-10-26 06:00:00,43.606
2026-10-26 07:00:00,47.071
2026-10-26 08:00:00,52.162
2026-10-26 09:00:00,57.573
2026-10-26 10:00:00,65.829
2026-10-26 11:00:00,65.647
2026-10-26 12:00:00,71.634
2026-10-26 13:00:00,75.582
2026-10-26 14:00:00,81.577
2026-10-26 15:00:00,71.657
2026-10-26 16:00:00,70.374
2026-10-26 17:00:00,61.426
2026-10-26 18:00:00,54.217
2026-10-26 19:00:00,49.517
2026-10-26 20:00:00,45.169
2026-10-26 21:00:00,45.252
2026-10-26 22:00:00,45.915
2026-10-26 23:00:00,43.206
2026-10-27 00:00:00,44.521
2026-10-27 01:00:00,40.044
2026-10-27 02:00:00,41.313
2026-10-27 03:00:00,40.906
2026-10-27 04:00:00,43.638
2026-10-27 05:00:00,43.138
2026-10-27 06:00:00,47.215
2026-10-27 07:00:00,45.803
2026-10-27 08:00:00,51.572
2026-10-27 09:00:00,59.644
2026-10-27 10:00:00,57.965
2026-10-27 11:00:00,76.773
2026-10-27 12:00:00,73.177
2026-10-27 13:00:00,69.067
2026-10-27 14:00:00,75.731
2026-10-27 15:00:00,72.131
2026-10-27 16:00:00,66.862
2026-10-27 17:00:00,64.077
2026-10-27 18:00:00,57.385
2026-10-27 19:00:00,50.825
2026-10-27 20:00:00,46.578
2026-10-27 21:00:00,43.697
2026-10-27 22:00:00,46.776
2026-10-27 23:00:00,39.304
2026-10-28 00:00:00,42.32
2026-10-28 01:00:00,42.21
2026-10-28 02:00:00,43.904
2026-10-28 03:00:00,40.652
2026-10-28 04:00:00,39.217
2026-10-28 05:00:00,44.27
2026-10-28 06:00:00,46.193
2026-10-28 07:00:00,51.617
2026-10-28 08:00:00,48.193
2026-10-28 09:00:00,60.946
2026-10-28 10:00:00,71.303
2026-10-28 11:00:00,68.738
2026-10-28 12:00:00,69.791
2026-10-28 13:00:00,74.589
2026-10-28 14:00:00,75.247
2026-10-28 15:00:00,73.836
2026-10-28 16:00:00,65.329
2026-10-28 17:00:00,65.647
2026-10-28 18:00:00,52.594
2026-10-28 19:00:00,45.932
2026-10-28 20:00:00,48.073
2026-10-28 21:00:00,38.93
2026-10-28 22:00:00,42.524
2026-10-28 23:00:00,49.059
2026-10-29 00:00:00,42.001
2026-10-29 01:00:00,39.716
2026-10-29 02:00:00,42.067
2026-10-29 03:00:00,42.335
2026-10-29 04:00:00,43.307
2026-10-29 05:00:00,45.38
2026-10-29 06:00:00,43.186
2026-10-29 07:00:00,52.093
2026-10-29 08:00:00,52.092
2026-10-29 09:00:00,59.755
2026-10-29 10:00:00,62.29
2026-10-29 11:00:00,74.088
2026-10-29 12:00:00,73.265
2026-10-29 13:00:00,76.925
2026-10-29 14:00:00,72.065
2026-10-29 15:00:00,68.818
2026-10-29 16:00:00,69.179
2026-10-29 17:00:00,60.084
2026-10-29 18:00:00,53.265
2026-10-29 19:00:00,48.565
2026-10-29 20:00:00,47.145
2026-10-29 21:00:00,42.544
2026-10-29 22:00:00,42.71
2026-10-29 23:00:00,42.475
2026-10-30 00:00:00,37.998
2026-10-30 01:00:00,38.979
2026-10-30 02:00:00,42.897
2026-10-30 03:00:00,40.879
2026-10-30 04:00:00,45.232
2026-10-30 05:00:00,46.049
2026-10-30 06:00:00,47.191
2026-10-30 07:00:00,52.41
2026-10-30 08:00:00,51.248
2026-10-30 09:00:00,59.538
2026-10-30 10:00:00,62.421
2026-10-30 11:00:00,77.837
2026-10-30 12:00:00,80.793
2026-10-30 13:00:00,76.018
2026-10-30 14:00:00,76.499
2026-10-30 15:00:00,76.393
2026-10-30 16:00:00,66.665
2026-10-30 17:00:00,59.491
2026-10-30 18:00:00,57.711
2026-10-30 19:00:00,50.298
2026-10-30 20:00:00,45.969
2026-10-30 21:00:00,42.094
2026-10-30 22:00:00,39.273
2026-10-30 23:00:00,42.944
2026-10-31 00:00:00,28.553
2026-10-31 01:00:00,27.039
2026-10-31 02:00:00,29.392
2026-10-31 03:00:00,26.617
2026-10-31 04:00:00,26.453
2026-10-31 05:00:00,28.456
2026-10-31 06:00:00,29.487
2026-10-31 07:00:00,32.428
2026-10-31 08:00:00,32.154
2026-10-31 09:00:00,40.726
2026-10-31 10:00:00,46.964
2026-10-31 11:00:00,47.367
2026-10-31 12:00:00,53.338
2026-10-31 13:00:00,49.746
2026-10-31 14:00:00,54.028
2026-10-31 15:00:00,51.708
2026-10-31 16:00:00,47.734
2026-10-31 17:00:00,41.809
2026-10-31 18:00:00,32.509
2026-10-31 19:00:00,32.294
2026-10-31 20:00:00,28.683
2026-10-31 21:00:00,27.155
2026-10-31 22:00:00,28.096
2026-10-31 23:00:00,27.01
2026-11-01 00:00:00,27.438
2026-11-01 01:00:00,27.133
2026-11-01 02:00:00,27.7
2026-11-01 03:00:00,30.522
2026-11-01 04:00:00,28.288
2026-11-01 05:00:00,29.141
2026-11-01 06:00:00,30.311
2026-11-01 07:00:00,33.267
2026-11-01 08:00:00,35.842
2026-11-01 09:00:00,34.204
2026-11-01 10:00:00,47.073
2026-11-01 11:00:00,52.584
2026-11-01 12:00:00,50.285
2026-11-01 13:00:00,51.943
2026-11-01 14:00:00,52.73
2026-11-01 15:00:00,49.855
2026-11-01 16:00:00,48.367
2026-11-01 17:00:00,39.871
2026-11-01 18:00:00,37.084
2026-11-01 19:00:00,37.301
2026-11-01 20:00:00,29.579
2026-11-01 21:00:00,31.771
2026-11-01 22:00:00,29.775
2026-11-01 23:00:00,26.287
2026-11-02 00:00:00,45.426
2026-11-02 01:00:00,43.818
2026-11-02 02:00:00,43.19
2026-11-02 03:00:00,45.009
2026-11-02 04:00:00,46.076
2026-11-02 05:00:00,47.646
2026-11-02 06:00:00,50.533
2026-11-02 07:00:00,51.354
2026-11-02 08:00:00,50.204
2026-11-02 09:00:00,59.002
2026-11-02 10:00:00,76.323
2026-11-02 11:00:00,75.454
2026-11-02 12:00:00,85.668
2026-11-02 13:00:00,84.216
2026-11-02 14:00:00,79.251
2026-11-02 15:00:00,76.1
2026-11-02 16:00:00,69.859
2026-11-02 17:00:00,58.902
2026-11-02 18:00:00,57.961
2026-11-02 19:00:00,55.444
2026-11-02 20:00:00,46.291
2026-11-02 21:00:00,46.966
2026-11-02 22:00:00,46.925
2026-11-02 23:00:00,42.442
2026-11-03 00:00:00,43.034
2026-11-03 01:00:00,41.834
2026-11-03 02:00:00,42.38
2026-11-03 03:00:00,41.602
2026-11-03 04:00:00,42.982
2026-11-03 05:00:00,49.284
2026-11-03 06:00:00,45.537
2026-11-03 07:00:00,50.645
2026-11-03 08:00:00,52.557
2026-11-03 09:00:00,63.82
2026-11-03 10:00:00,71.179
2026-11-03 11:00:00,75.924
2026-11-03 12:00:00,78.406
2026-11-03 13:00:00,78.401
2026-11-03 14:00:00,74.205
2026-11-03 15:00:00,81.631
2026-11-03 16:00:00,67.579
2026-11-03 17:00:00,65.904
2026-11-03 18:00:00,60.768
2026-11-03 19:00:00,51.0
2026-11-03 20:00:00,50.199
2026-11-03 21:00:00,47.776
2026-11-03 22:00:00,48.897
2026-11-03 23:00:00,43.421
2026-11-04 00:00:00,41.197
2026-11-04 01:00:00,42.963
2026-11-04 02:00:00,44.659
2026-11-04 03:00:00,44.594
2026-11-04 04:00:00,44.123
2026-11-04 05:00:00,41.625
2026-11-04 06:00:00,48.844
2026-11-04 07:00:00,55.29
2026-11-04 08:00:00,55.164
2026-11-04 09:00:00,62.159
2026-11-04 10:00:00,68.85
2026-11-04 11:00:00,74.352
2026-11-04 12:00:00,80.608
2026-11-04 13:00:00,80.641
2026-11-04 14:00:00,77.3
2026-11-04 15:00:00,72.404
2026-11-04 16:00:00,69.189
2026-11-04 17:00:00,64.885
2026-11-04 18:00:00,57.06
2026-11-04 19:00:00,53.188
2026-11-04 20:00:00,48.77
2026-11-04 21:00:00,47.935
2026-11-04 22:00:00,47.895
2026-11-04 23:00:00,44.638
2026-11-05 00:00:00,41.149
2026-11-05 01:00:00,43.316
2026-11-05 02:00:00,44.294
2026-11-05 03:00:00,40.383
2026-11-05 04:00:00,48.133
2026-11-05 05:00:00,46.345
2026-11-05 06:00:00,48.632
2026-11-05 07:00:00,53.763
2026-11-05 08:00:00,52.214
2026-11-05 09:00:00,62.057
2026-11-05 10:00:00,66.699
2026-11-05 11:00:00,72.394
2026-11-05 12:00:00,74.61
2026-11-05 13:00:00,85.182
2026-11-05 14:00:00,77.078
2026-11-05 15:00:00,77.441
2026-11-05 16:00:00,64.063
2026-11-05 17:00:00,67.41
2026-11-05 18:00:00,60.749
2026-11-05 19:00:00,52.643
2026-11-05 20:00:00,47.18
2026-11-05 21:00:00,46.938
2026-11-05 22:00:00,50.159
2026-11-05 23:00:00,40.544
2026-11-06 00:00:00,45.749
2026-11-06 01:00:00,42.068
2026-11-06 02:00:00,44.153
2026-11-06 03:00:00,43.913
2026-11-06 04:00:00,44.044
2026-11-06 05:00:00,45.994
2026-11-06 06:00:00,45.015
2026-11-06 07:00:00,52.917
2026-11-06 08:00:00,49.076
2026-11-06 09:00:00,61.957
2026-11-06 10:00:00,66.016
2026-11-06 11:00:00,69.071
2026-11-06 12:00:00,78.041
2026-11-06 13:00:00,73.661
2026-11-06 14:00:00,78.54
2026-11-06 15:00:00,70.293
2026-11-06 16:00:00,71.428
2026-11-06 17:00:00,61.274
2026-11-06 18:00:00,56.697
2026-11-06 19:00:00,53.137
2026-11-06 20:00:00,45.878
2026-11-06 21:00:00,45.884
2026-11-06 22:00:00,41.601
2026-11-06 23:00:00,45.867
2026-11-07 00:00:00,31.143
2026-11-07 01:00:00,32.65
2026-11-07 02:00:00,28.859
2026-11-07 03:00:00,30.041
2026-11-07 04:00:00,26.651
2026-11-07 05:00:00,32.159
2026-11-07 06:00:00,32.223
2026-11-07 07:00:00,31.921
2026-11-07 08:00:00,37.211
2026-11-07 09:00:00,39.491
2026-11-07 10:00:00,44.041
2026-11-07 11:00:00,50.48
2026-11-07 12:00:00,50.255
2026-11-07 13:00:00,56.576
2026-11-07 14:00:00,51.344
2026-11-07 15:00:00,49.211
2026-11-07 16:00:00,46.044
2026-11-07 17:00:00,44.999
2026-11-07 18:00:00,37.962
2026-11-07 19:00:00,32.578
2026-11-07 20:00:00,30.08
2026-11-07 21:00:00,29.864
2026-11-07 22:00:00,27.528
2026-11-07 23:00:00,27.237
2026-11-08 00:00:00,31.639
2026-11-08 01:00:00,27.417
2026-11-08 02:00:00,28.264
2026-11-08 03:00:00,28.371
2026-11-08 04:00:00,28.639
2026-11-08 05:00:00,30.841
2026-11-08 06:00:00,32.49
2026-11-08 07:00:00,32.212
2026-11-08 08:00:00,32.877
2026-11-08 09:00:00,42.389
2026-11-08 10:00:00,44.784
2026-11-08 11:00:00,53.227
2026-11-08 12:00:00,47.55
2026-11-08 13:00:00,54.656
2026-11-08 14:00:00,58.15
2026-11-08 15:00:00,50.736
2026-11-08 16:00:00,47.446
2026-11-08 17:00:00,44.12
2026-11-08 18:00:00,38.064
2026-11-08 19:00:00,34.273
2026-11-08 20:00:00,30.495
2026-11-08 21:00:00,28.973
2026-11-08 22:00:00,31.053
2026-11-08 23:00:00,29.568
2026-11-09 00:00:00,44.58
2026-11-09 01:00:00,45.859
2026-11-09 02:00:00,43.613
2026-11-09 03:00:00,42.743
2026-11-09 04:00:00,43.652
2026-11-09 05:00:00,46.022
2026-11-09 06:00:00,45.194
2026-11-09 07:00:00,49.068
2026-11-09 08:00:00,52.521
2026-11-09 09:00:00,66.577
2026-11-09 10:00:00,58.302
2026-11-09 11:00:00,72.409
2026-11-09 12:00:00,83.403
2026-11-09 13:00:00,79.663
2026-11-09 14:00:00,81.052
2026-11-09 15:00:00,75.421
2026-11-09 16:00:00,67.87
2026-11-09 17:00:00,57.433
2026-11-09 18:00:00,58.466
2026-11-09 19:00:00,50.446
2026-11-09 20:00:00,45.812
2026-11-09 21:00:00,44.87
2026-11-09 22:00:00,48.935
2026-11-09 23:00:00,49.811
2026-11-10 00:00:00,44.506
2026-11-10 01:00:00,43.053
2026-11-10 02:00:00,41.595
2026-11-10 03:00:00,45.506
2026-11-10 04:00:00,49.02
2026-11-10 05:00:00,45.449
2026-11-10 06:00:00,42.045
2026-11-10 07:00:00,52.013
2026-11-10 08:00:00,56.569
2026-11-10 09:00:00,55.759
2026-11-10 10:00:00,67.602
2026-11-10 11:00:00,74.534
2026-11-10 12:00:00,77.071
2026-11-10 13:00:00,76.4
2026-11-10 14:00:00,81.976
2026-11-10 15:00:00,73.726
2026-11-10 16:00:00,65.292
2026-11-10 17:00:00,57.994
2026-11-10 18:00:00,61.311
2026-11-10 19:00:00,53.949
2026-11-10 20:00:00,47.932
2026-11-10 21:00:00,45.005
2026-11-10 22:00:00,43.818
2026-11-10 23:00:00,42.073
2026-11-11 00:00:00,43.078
2026-11-11 01:00:00,39.405
2026-11-11 02:00:00,42.57
2026-11-11 03:00:00,43.773
2026-11-11 04:00:00,46.381
2026-11-11 05:00:00,45.926
2026-11-11 06:00:00,49.618
2026-11-11 07:00:00,53.722
2026-11-11 08:00:00,56.765
2026-11-11 09:00:00,61.755
2026-11-11 10:00:00,67.083
2026-11-11 11:00:00,69.711
2026-11-11 12:00:00,79.933
2026-11-11 13:00:00,85.233
2026-11-11 14:00:00,79.604
2026-11-11 15:00:00,81.542
2026-11-11 16:00:00,65.165
2026-11-11 17:00:00,60.604
2026-11-11 18:00:00,60.218
2026-11-11 19:00:00,53.062
2026-11-11 20:00:00,50.857
2026-11-11 21:00:00,45.982
2026-11-11 22:00:00,43.055
2026-11-11 23:00:00,43.989
2026-11-12 00:00:00,40.654
2026-11-12 01:00:00,41.59
2026-11-12 02:00:00,46.346
2026-11-12 03:00:00,46.405
2026-11-12 04:00:00,45.825
2026-11-12 05:00:00,42.058
2026-11-12 06:00:00,46.867
2026-11-12 07:00:00,47.244
2026-11-12 08:00:00,57.084
2026-11-12 09:00:00,58.681
2026-11-12 10:00:00,63.623
2026-11-12 11:00:00,73.115
2026-11-12 12:00:00,75.075
2026-11-12 13:00:00,84.532
2026-11-12 14:00:00,75.814
2026-11-12 15:00:00,70.373
2026-11-12 16:00:00,63.187
2026-11-12 17:00:00,63.879
2026-11-12 18:00:00,56.398
2026-11-12 19:00:00,48.802
2026-11-12 20:00:00,50.559
2026-11-12 21:00:00,47.553
2026-11-12 22:00:00,44.945
2026-11-12 23:00:00,47.497
2026-11-13 00:00:00,45.486
2026-11-13 01:00:00,42.264
2026-11-13 02:00:00,41.9
2026-11-13 03:00:00,46.283
2026-11-13 04:00:00,45.9
2026-11-13 05:00:00,46.408
2026-11-13 06:00:00,45.702
2026-11-13 07:00:00,51.857
2026-11-13 08:00:00,51.876
2026-11-13 09:00:00,60.086
2026-11-13 10:00:00,71.607
2026-11-13 11:00:00,70.789
2026-11-13 12:00:00,71.791
2026-11-13 13:00:00,75.465
2026-11-13 14:00:00,81.9
2026-11-13 15:00:00,75.943
2026-11-13 16:00:00,69.568
2026-11-13 17:00:00,62.485
2026-11-13 18:00:00,59.221
2026-11-13 19:00:00,50.261
2026-11-13 20:00:00,48.451
2026-11-13 21:00:00,44.335
2026-11-13 22:00:00,42.988
2026-11-13 23:00:00,43.047
2026-11-14 00:00:00,28.081
2026-11-14 01:00:00,28.58
2026-11-14 02:00:00,29.066
2026-11-14 03:00:00,23.572
2026-11-14 04:00:00,28.074
2026-11-14 05:00:00,29.326
2026-11-14 06:00:00,33.353
2026-11-14 07:00:00,30.946
2026-11-14 08:00:00,35.328
2026-11-14 09:00:00,42.807
2026-11-14 10:00:00,42.289
2026-11-14 11:00:00,50.302
2026-11-14 12:00:00,50.853
2026-11-14 13:00:00,53.03
2026-11-14 14:00:00,51.923
2026-11-14 15:00:00,49.908
2026-11-14 16:00:00,53.485
2026-11-14 17:00:00,45.16
2026-11-14 18:00:00,40.973
2026-11-14 19:00:00,35.588
2026-11-14 20:00:00,28.528
2026-11-14 21:00:00,30.502
2026-11-14 22:00:00,30.825
2026-11-14 23:00:00,27.668
2026-11-15 00:00:00,29.999
2026-11-15 01:00:00,29.659
2026-11-15 02:00:00,31.388
2026-11-15 03:00:00,28.298
2026-11-15 04:00:00,27.65
2026-11-15 05:00:00,29.371
2026-11-15 06:00:00,33.246
2026-11-15 07:00:00,29.722
2026-11-15 08:00:00,31.419
2026-11-15 09:00:00,40.143
2026-11-15 10:00:00,44.073
2026-11-15 11:00:00,49.456
2026-11-15 12:00:00,54.851
2026-11-15 13:00:00,52.918
2026-11-15 14:00:00,49.475
2026-11-15 15:00:00,55.985
2026-11-15 16:00:00,45.865
2026-11-15 17:00:00,41.553
2026-11-15 18:00:00,40.977
2026-11-15 19:00:00,34.154
2026-11-15 20:00:00,30.921
2026-11-15 21:00:00,30.634
2026-11-15 22:00:00,30.84
2026-11-15 23:00:00,28.42
2026-11-16 00:00:00,47.374
2026-11-16 01:00:00,39.37
2026-11-16 02:00:00,45.876
2026-11-16 03:00:00,42.598
2026-11-16 04:00:00,48.096
2026-11-16 05:00:00,46.344
2026-11-16 06:00:00,46.116
2026-11-16 07:00:00,51.995
2026-11-16 08:00:00,56.32
2026-11-16 09:00:00,62.254
2026-11-16 10:00:00,63.8
2026-11-16 11:00:00,71.384
2026-11-16 12:00:00,77.314
2026-11-16 13:00:00,79.08
2026-11-16 14:00:00,81.039
2026-11-16 15:00:00,68.299
2026-11-16 16:00:00,71.028
2026-11-16 17:00:00,63.124
2026-11-16 18:00:00,55.652
2026-11-16 19:00:00,50.529
2026-11-16 20:00:00,47.21
2026-11-16 21:00:00,37.732
2026-11-16 22:00:00,43.43
2026-11-16 23:00:00,42.517
2026-11-17 00:00:00,45.201
2026-11-17 01:00:00,42.302
2026-11-17 02:00:00,43.722
2026-11-17 03:00:00,47.893
2026-11-17 04:00:00,47.246
2026-11-17 05:00:00,48.094
2026-11-17 06:00:00,46.529
2026-11-17 07:00:00,51.693
2026-11-17 08:00:00,53.282
2026-11-17 09:00:00,59.811
2026-11-17 10:00:00,68.337
2026-11-17 11:00:00,71.004
2026-11-17 12:00:00,82.584
2026-11-17 13:00:00,78.655
2026-11-17 14:00:00,80.577
2026-11-17 15:00:00,79.987
2026-11-17 16:00:00,73.226
2026-11-17 17:00:00,59.861
2026-11-17 18:00:00,59.112
2026-11-17 19:00:00,54.538
2026-11-17 20:00:00,49.85
2026-11-17 21:00:00,43.456
2026-11-17 22:00:00,43.53
2026-11-17 23:00:00,46.675
2026-11-18 00:00:00,42.351
2026-11-18 01:00:00,43.417
2026-11-18 02:00:00,47.679
2026-11-18 03:00:00,44.358
2026-11-18 04:00:00,43.373
2026-11-18 05:00:00,43.998
2026-11-18 06:00:00,48.516
2026-11-18 07:00:00,46.972
2026-11-18 08:00:00,53.246
2026-11-18 09:00:00,61.355
2026-11-18 10:00:00,71.141
2026-11-18 11:00:00,75.263
2026-11-18 12:00:00,74.815
2026-11-18 13:00:00,83.44
2026-11-18 14:00:00,77.346
2026-11-18 15:00:00,70.923
2026-11-18 16:00:00,69.432
2026-11-18 17:00:00,68.162
2026-11-18 18:00:00,58.358
2026-11-18 19:00:00,52.429
2026-11-18 20:00:00,51.628
2026-11-18 21:00:00,42.724
2026-11-18 22:00:00,42.115
2026-11-18 23:00:00,40.872
2026-11-19 00:00:00,44.848
2026-11-19 01:00:00,44.444
2026-11-19 02:00:00,47.606
2026-11-19 03:00:00,45.005
2026-11-19 04:00:00,44.099
2026-11-19 05:00:00,46.022
2026-11-19 06:00:00,48.003
2026-11-19 07:00:00,46.12
2026-11-19 08:00:00,61.218
2026-11-19 09:00:00,61.899
2026-11-19 10:00:00,67.708
2026-11-19 11:00:00,75.086
2026-11-19 12:00:00,79.825
2026-11-19 13:00:00,78.725
2026-11-19 14:00:00,76.178
2026-11-19 15:00:00,77.104
2026-11-19 16:00:00,71.19
2026-11-19 17:00:00,61.608
2026-11-19 18:00:00,61.737
2026-11-19 19:00:00,53.136
2026-11-19 20:00:00,49.463
2026-11-19 21:00:00,49.22
2026-11-19 22:00:00,45.057
2026-11-19 23:00:00,45.169
2026-11-20 00:00:00,45.811
2026-11-20 01:00:00,42.48
2026-11-20 02:00:00,44.316
2026-11-20 03:00:00,44.743
2026-11-20 04:00:00,42.857
2026-11-20 05:00:00,51.35
2026-11-20 06:00:00,44.364
2026-11-20 07:00:00,47.06
2026-11-20 08:00:00,57.455
2026-11-20 09:00:00,62.463
2026-11-20 10:00:00,63.812
2026-11-20 11:00:00,75.06
2026-11-20 12:00:00,82.495
2026-11-20 13:00:00,79.119
2026-11-20 14:00:00,87.548
2026-11-20 15:00:00,69.279
2026-11-20 16:00:00,72.161
2026-11-20 17:00:00,67.37
2026-11-20 18:00:00,60.315
2026-11-20 19:00:00,51.883
2026-11-20 20:00:00,47.029
2026-11-20 21:00:00,47.04
2026-11-20 22:00:00,46.844
2026-11-20 23:00:00,45.804
2026-11-21 00:00:00,30.106
2026-11-21 01:00:00,27.191
2026-11-21 02:00:00,28.401
2026-11-21 03:00:00,27.543
2026-11-21 04:00:00,28.69
2026-11-21 05:00:00,31.43
2026-11-21 06:00:00,31.187
2026-11-21 07:00:00,36.976
2026-11-21 08:00:00,35.382
2026-11-21 09:00:00,40.087
2026-11-21 10:00:00,45.197
2026-11-21 11:00:00,48.043
2026-11-21 12:00:00,52.556
2026-11-21 13:00:00,56.823
2026-11-21 14:00:00,54.021
2026-11-21 15:00:00,49.773
2026-11-21 16:00:00,46.012
2026-11-21 17:00:00,42.707
2026-11-21 18:00:00,39.172
2026-11-21 19:00:00,36.735
2026-11-21 20:00:00,28.94
2026-11-21 21:00:00,29.433
2026-11-21 22:00:00,29.466
2026-11-21 23:00:00,26.252
2026-11-22 00:00:00,27.425
2026-11-22 01:00:00,27.676
2026-11-22 02:00:00,27.585
2026-11-22 03:00:00,29.179
2026-11-22 04:00:00,29.02
2026-11-22 05:00:00,29.081
2026-11-22 06:00:00,31.683
2026-11-22 07:00:00,35.531
2026-11-22 08:00:00,37.915
2026-11-22 09:00:00,36.33
2026-11-22 10:00:00,46.162
2026-11-22 11:00:00,49.05
2026-11-22 12:00:00,53.043
2026-11-22 13:00:00,53.277
2026-11-22 14:00:00,54.029
2026-11-22 15:00:00,51.841
2026-11-22 16:00:00,46.722
2026-11-22 17:00:00,41.861
2026-11-22 18:00:00,38.257
2026-11-22 19:00:00,35.166
2026-11-22 20:00:00,31.948
2026-11-22 21:00:00,31.188
2026-11-22 22:00:00,28.532
2026-11-22 23:00:00,29.312
2026-11-23 00:00:00,46.147
2026-11-23 01:00:00,46.646
2026-11-23 02:00:00,44.067
2026-11-23 03:00:00,43.973
2026-11-23 04:00:00,45.438
2026-11-23 05:00:00,43.372
2026-11-23 06:00:00,47.26
2026-11-23 07:00:00,52.2
2026-11-23 08:00:00,55.643
2026-11-23 09:00:00,59.595
2026-11-23 10:00:00,67.732
2026-11-23 11:00:00,70.237
2026-11-23 12:00:00,79.805
2026-11-23 13:00:00,78.949
2026-11-23 14:00:00,77.429
2026-11-23 15:00:00,73.867
2026-11-23 16:00:00,69.776
2026-11-23 17:00:00,62.663
2026-11-23 18:00:00,59.686
2026-11-23 19:00:00,51.403
2026-11-23 20:00:00,51.523
2026-11-23 21:00:00,49.389
2026-11-23 22:00:00,43.002
2026-11-23 23:00:00,44.619
2026-11-24 00:00:00,42.595
2026-11-24 01:00:00,43.357
2026-11-24 02:00:00,48.622
2026-11-24 03:00:00,43.78
2026-11-24 04:00:00,45.819
2026-11-24 05:00:00,47.263
2026-11-24 06:00:00,45.334
2026-11-24 07:00:00,48.175
2026-11-24 08:00:00,50.661
2026-11-24 09:00:00,57.8
2026-11-24 10:00:00,58.062
2026-11-24 11:00:00,74.849
2026-11-24 12:00:00,84.559
2026-11-24 13:00:00,79.756
2026-11-24 14:00:00,73.415
2026-11-24 15:00:00,72.92
2026-11-24 16:00:00,68.527
2026-11-24 17:00:00,61.002
2026-11-24 18:00:00,60.231
2026-11-24 19:00:00,54.436
2026-11-24 20:00:00,44.965
2026-11-24 21:00:00,47.686
2026-11-24 22:00:00,48.444
2026-11-24 23:00:00,48.694
2026-11-25 00:00:00,50.335
2026-11-25 01:00:00,42.089
2026-11-25 02:00:00,50.438
2026-11-25 03:00:00,43.677
2026-11-25 04:00:00,43.675
2026-11-25 05:00:00,46.77
2026-11-25 06:00:00,46.333
2026-11-25 07:00:00,51.331
2026-11-25 08:00:00,50.354
2026-11-25 09:00:00,59.687
2026-11-25 10:00:00,71.098
2026-11-25 11:00:00,72.822
2026-11-25 12:00:00,77.827
2026-11-25 13:00:00,80.926
2026-11-25 14:00:00,82.521
2026-11-25 15:00:00,69.51
2026-11-25 16:00:00,71.816
2026-11-25 17:00:00,63.187
2026-11-25 18:00:00,58.362
2026-11-25 19:00:00,55.065
2026-11-25 20:00:00,44.872
2026-11-25 21:00:00,43.688
2026-11-25 22:00:00,40.653
2026-11-25 23:00:00,43.243
2026-11-26 00:00:00,46.957
2026-11-26 01:00:00,43.811
2026-11-26 02:00:00,41.236
2026-11-26 03:00:00,43.384
2026-11-26 04:00:00,41.66
2026-11-26 05:00:00,43.429
2026-11-26 06:00:00,48.649
2026-11-26 07:00:00,47.373
2026-11-26 08:00:00,56.912
2026-11-26 09:00:00,60.176
2026-11-26 10:00:00,67.315
2026-11-26 11:00:00,72.077
2026-11-26 12:00:00,80.049
2026-11-26 13:00:00,82.027
2026-11-26 14:00:00,79.58
2026-11-26 15:00:00,76.987
2026-11-26 16:00:00,69.305
2026-11-26 17:00:00,65.55
2026-11-26 18:00:00,57.002
2026-11-26 19:00:00,52.403
2026-11-26 20:00:00,47.066
2026-11-26 21:00:00,44.966
2026-11-26 22:00:00,43.457
2026-11-26 23:00:00,45.504
2026-11-27 00:00:00,46.913
2026-11-27 01:00:00,46.658
2026-11-27 02:00:00,41.42
2026-11-27 03:00:00,47.33
2026-11-27 04:00:00,44.292
2026-11-27 05:00:00,47.4
2026-11-27 06:00:00,45.559
2026-11-27 07:00:00,50.684
2026-11-27 08:00:00,54.758
2026-11-27 09:00:00,56.054
2026-11-27 10:00:00,68.963
2026-11-27 11:00:00,77.547
2026-11-27 12:00:00,76.714
2026-11-27 13:00:00,84.09
2026-11-27 14:00:00,77.732
2026-11-27 15:00:00,77.946
2026-11-27 16:00:00,62.98
2026-11-27 17:00:00,71.021
2026-11-27 18:00:00,61.943
2026-11-27 19:00:00,51.681
2026-11-27 20:00:00,43.016
2026-11-27 21:00:00,46.68
2026-11-27 22:00:00,41.759
2026-11-27 23:00:00,45.453
2026-11-28 00:00:00,29.207
2026-11-28 01:00:00,27.302
2026-11-28 02:00:00,30.338
2026-11-28 03:00:00,30.066
2026-11-28 04:00:00,30.683
2026-11-28 05:00:00,29.925
2026-11-28 06:00:00,28.824
2026-11-28 07:00:00,34.312
2026-11-28 08:00:00,34.569
2026-11-28 09:00:00,37.34
2026-11-28 10:00:00,47.75
2026-11-28 11:00:00,54.035
2026-11-28 12:00:00,52.594
2026-11-28 13:00:00,59.22
2026-11-28 14:00:00,53.969
2026-11-28 15:00:00,50.677
2026-11-28 16:00:00,46.616
2026-11-28 17:00:00,46.662
2026-11-28 18:00:00,37.676
2026-11-28 19:00:00,35.986
2026-11-28 20:00:00,30.152
2026-11-28 21:00:00,29.223
2026-11-28 22:00:00,30.762
2026-11-28 23:00:00,28.353
2026-11-29 00:00:00,28.039
2026-11-29 01:00:00,30.273
2026-11-29 02:00:00,31.023
2026-11-29 03:00:00,29.833
2026-11-29 04:00:00,28.297
2026-11-29 05:00:00,29.148
2026-11-29 06:00:00,31.143
2026-11-29 07:00:00,33.237
2026-11-29 08:00:00,33.312
2026-11-29 09:00:00,41.344
2026-11-29 10:00:00,45.155
2026-11-29 11:00:00,45.683
2026-11-29 12:00:00,50.563
2026-11-29 13:00:00,53.031
2026-11-29 14:00:00,53.593
2026-11-29 15:00:00,55.646
2026-11-29 16:00:00,48.396
2026-11-29 17:00:00,41.967
2026-11-29 18:00:00,39.43
2026-11-29 19:00:00,34.207
2026-11-29 20:00:00,31.523
2026-11-29 21:00:00,30.78
2026-11-29 22:00:00,31.024
2026-11-29 23:00:00,28.867
2026-11-30 00:00:00,47.636
2026-11-30 01:00:00,46.078
2026-11-30 02:00:00,42.634
2026-11-30 03:00:00,49.377
2026-11-30 04:00:00,45.744
2026-11-30 05:00:00,44.096
2026-11-30 06:00:00,51.666
2026-11-30 07:00:00,55.555
2026-11-30 08:00:00,53.823
2026-11-30 09:00:00,58.914
2026-11-30 10:00:00,66.502
2026-11-30 11:00:00,75.422
2026-11-30 12:00:00,81.826
2026-11-30 13:00:00,81.267
2026-11-30 14:00:00,78.758
2026-11-30 15:00:00,80.13
2026-11-30 16:00:00,68.988
2026-11-30 17:00:00,66.975
2026-11-30 18:00:00,57.136
2026-11-30 19:00:00,53.482
2026-11-30 20:00:00,47.451
2026-11-30 21:00:00,45.889
2026-11-30 22:00:00,44.159
2026-11-30 23:00:00,47.454
2026-12-01 00:00:00,40.872
2026-12-01 01:00:00,40.902
2026-12-01 02:00:00,47.106
2026-12-01 03:00:00,44.942
2026-12-01 04:00:00,38.199
2026-12-01 05:00:00,43.091
2026-12-01 06:00:00,41.82
2026-12-01 07:00:00,46.191
2026-12-01 08:00:00,43.799
2026-12-01 09:00:00,57.878
2026-12-01 10:00:00,61.284
2026-12-01 11:00:00,70.759
2026-12-01 12:00:00,69.256
2026-12-01 13:00:00,76.913
2026-12-01 14:00:00,74.433
2026-12-01 15:00:00,77.51
2026-12-01 16:00:00,71.969
2026-12-01 17:00:00,64.055
2026-12-01 18:00:00,55.103
2026-12-01 19:00:00,55.382
2026-12-01 20:00:00,42.415
2026-12-01 21:00:00,41.232
2026-12-01 22:00:00,43.19
2026-12-01 23:00:00,47.676
2026-12-02 00:00:00,41.998
2026-12-02 01:00:00,42.085
2026-12-02 02:00:00,39.519
2026-12-02 03:00:00,44.874
2026-12-02 04:00:00,45.438
2026-12-02 05:00:00,46.094
2026-12-02 06:00:00,44.54
2026-12-02 07:00:00,46.783
2026-12-02 08:00:00,48.593
2026-12-02 09:00:00,58.498
2026-12-02 10:00:00,61.471
2026-12-02 11:00:00,66.744
2026-12-02 12:00:00,73.331
2026-12-02 13:00:00,74.942
2026-12-02 14:00:00,74.015
2026-12-02 15:00:00,74.149
2026-12-02 16:00:00,67.921
2026-12-02 17:00:00,61.039
2026-12-02 18:00:00,56.427
2026-12-02 19:00:00,48.163
2026-12-02 20:00:00,46.228
2026-12-02 21:00:00,44.678
2026-12-02 22:00:00,40.112
2026-12-02 23:00:00,44.98
2026-12-03 00:00:00,40.557
2026-12-03 01:00:00,42.666
2026-12-03 02:00:00,45.069
2026-12-03 03:00:00,44.83
2026-12-03 04:00:00,43.446
2026-12-03 05:00:00,43.541
2026-12-03 06:00:00,48.165
2026-12-03 07:00:00,50.133
2026-12-03 08:00:00,50.346
2026-12-03 09:00:00,56.029
2026-12-03 10:00:00,58.458
2026-12-03 11:00:00,71.065
2026-12-03 12:00:00,74.488
2026-12-03 13:00:00,80.542
2026-12-03 14:00:00,77.058
2026-12-03 15:00:00,76.966
2026-12-03 16:00:00,65.563
2026-12-03 17:00:00,65.047
2026-12-03 18:00:00,54.578
2026-12-03 19:00:00,52.453
2026-12-03 20:00:00,42.632
2026-12-03 21:00:00,44.866
2026-12-03 22:00:00,39.067
2026-12-03 23:00:00,42.275
2026-12-04 00:00:00,43.361
2026-12-04 01:00:00,41.368
2026-12-04 02:00:00,40.353
2026-12-04 03:00:00,44.66
2026-12-04 04:00:00,43.147
2026-12-04 05:00:00,43.259
2026-12-04 06:00:00,46.083
2026-12-04 07:00:00,54.89
2026-12-04 08:00:00,54.948
2026-12-04 09:00:00,61.529
2026-12-04 10:00:00,66.076
2026-12-04 11:00:00,71.105
2026-12-04 12:00:00,66.641
2026-12-04 13:00:00,74.288
2026-12-04 14:00:00,74.21
2026-12-04 15:00:00,66.551
2026-12-04 16:00:00,64.165
2026-12-04 17:00:00,56.283
2026-12-04 18:00:00,55.852
2026-12-04 19:00:00,52.553
2026-12-04 20:00:00,48.531
2026-12-04 21:00:00,45.264
2026-12-04 22:00:00,41.282
2026-12-04 23:00:00,38.708
2026-12-05 00:00:00,25.155
2026-12-05 01:00:00,25.857
2026-12-05 02:00:00,26.453
2026-12-05 03:00:00,27.628
2026-12-05 04:00:00,26.762
2026-12-05 05:00:00,29.312
2026-12-05 06:00:00,29.544
2026-12-05 07:00:00,31.54
2026-12-05 08:00:00,35.694
2026-12-05 09:00:00,36.44
2026-12-05 10:00:00,44.316
2026-12-05 11:00:00,47.818
2026-12-05 12:00:00,50.289
2026-12-05 13:00:00,54.495
2026-12-05 14:00:00,54.034
2026-12-05 15:00:00,47.921
2026-12-05 16:00:00,46.058
2026-12-05 17:00:00,42.695
2026-12-05 18:00:00,37.308
2026-12-05 19:00:00,34.516
2026-12-05 20:00:00,30.311
2026-12-05 21:00:00,31.465
2026-12-05 22:00:00,26.034
2026-12-05 23:00:00,27.68
2026-12-06 00:00:00,26.325
2026-12-06 01:00:00,28.442
2026-12-06 02:00:00,25.445
2026-12-06 03:00:00,28.333
2026-12-06 04:00:00,27.303
2026-12-06 05:00:00,27.766
2026-12-06 06:00:00,27.729
2026-12-06 07:00:00,30.79
2026-12-06 08:00:00,35.6
2026-12-06 09:00:00,38.549
2026-12-06 10:00:00,44.729
2026-12-06 11:00:00,51.359
2026-12-06 12:00:00,51.606
2026-12-06 13:00:00,51.261
2026-12-06 14:00:00,53.126
2026-12-06 15:00:00,48.77
2026-12-06 16:00:00,45.422
2026-12-06 17:00:00,39.406
2026-12-06 18:00:00,39.333
2026-12-06 19:00:00,32.985
2026-12-06 20:00:00,30.163
2026-12-06 21:00:00,27.331
2026-12-06 22:00:00,28.806
2026-12-06 23:00:00,26.79
2026-12-07 00:00:00,42.126
2026-12-07 01:00:00,44.338
2026-12-07 02:00:00,44.274
2026-12-07 03:00:00,42.8
2026-12-07 04:00:00,39.537
2026-12-07 05:00:00,50.98
2026-12-07 06:00:00,50.001
2026-12-07 07:00:00,50.249
2026-12-07 08:00:00,49.995
2026-12-07 09:00:00,57.943
2026-12-07 10:00:00,63.102
2026-12-07 11:00:00,74.667
2026-12-07 12:00:00,75.659
2026-12-07 13:00:00,73.926
2026-12-07 14:00:00,74.243
2026-12-07 15:00:00,76.274
2026-12-07 16:00:00,72.542
2026-12-07 17:00:00,66.143
2026-12-07 18:00:00,57.918
2026-12-07 19:00:00,49.955
2026-12-07 20:00:00,38.533
2026-12-07 21:00:00,45.003
2026-12-07 22:00:00,43.367
2026-12-07 23:00:00,43.147
2026-12-08 00:00:00,42.541
2026-12-08 01:00:00,39.658
2026-12-08 02:00:00,43.777
2026-12-08 03:00:00,44.202
2026-12-08 04:00:00,44.851
2026-12-08 05:00:00,46.443
2026-12-08 06:00:00,47.375
2026-12-08 07:00:00,47.503
2026-12-08 08:00:00,51.768
2026-12-08 09:00:00,58.519
2026-12-08 10:00:00,65.08
2026-12-08 11:00:00,73.805
2026-12-08 12:00:00,76.952
2026-12-08 13:00:00,83.784
2026-12-08 14:00:00,83.325
2026-12-08 15:00:00,72.894
2026-12-08 16:00:00,56.027
2026-12-08 17:00:00,65.324
2026-12-08 18:00:00,54.548
2026-12-08 19:00:00,48.624
2026-12-08 20:00:00,45.07
2026-12-08 21:00:00,43.354
2026-12-08 22:00:00,44.699
2026-12-08 23:00:00,39.506
2026-12-09 00:00:00,40.141
2026-12-09 01:00:00,43.203
2026-12-09 02:00:00,43.916
2026-12-09 03:00:00,44.222
2026-12-09 04:00:00,41.665
2026-12-09 05:00:00,42.175
2026-12-09 06:00:00,44.821
2026-12-09 07:00:00,49.078
2026-12-09 08:00:00,55.811
2026-12-09 09:00:00,52.51
2026-12-09 10:00:00,64.083
2026-12-09 11:00:00,66.24
2026-12-09 12:00:00,69.164
2026-12-09 13:00:00,79.959
2026-12-09 14:00:00,77.688
2026-12-09 15:00:00,74.094
2026-12-09 16:00:00,70.479
2026-12-09 17:00:00,60.501
2026-12-09 18:00:00,54.828
2026-12-09 19:00:00,55.867
2026-12-09 20:00:00,45.419
2026-12-09 21:00:00,45.974
2026-12-09 22:00:00,43.385
2026-12-09 23:00:00,38.888
2026-12-10 00:00:00,38.089
2026-12-10 01:00:00,41.245
2026-12-10 02:00:00,44.839
2026-12-10 03:00:00,44.536
2026-12-10 04:00:00,45.354
2026-12-10 05:00:00,42.156
2026-12-10 06:00:00,49.702
2026-12-10 07:00:00,46.157
2026-12-10 08:00:00,52.505
2026-12-10 09:00:00,58.233
2026-12-10 10:00:00,64.225
2026-12-10 11:00:00,74.909
2026-12-10 12:00:00,72.377
2026-12-10 13:00:00,71.978
2026-12-10 14:00:00,75.908
2026-12-10 15:00:00,71.338
2026-12-10 16:00:00,77.941
2026-12-10 17:00:00,63.749
2026-12-10 18:00:00,54.889
2026-12-10 19:00:00,48.006
2026-12-10 20:00:00,41.663
2026-12-10 21:00:00,42.071
2026-12-10 22:00:00,43.621
2026-12-10 23:00:00,45.905
2026-12-11 00:00:00,44.806
2026-12-11 01:00:00,42.961
2026-12-11 02:00:00,41.902
2026-12-11 03:00:00,43.423
2026-12-11 04:00:00,42.247
2026-12-11 05:00:00,48.154
2026-12-11 06:00:00,45.551
2026-12-11 07:00:00,48.287
2026-12-11 08:00:00,46.196
2026-12-11 09:00:00,57.713
2026-12-11 10:00:00,67.294
2026-12-11 11:00:00,67.1
2026-12-11 12:00:00,72.222
2026-12-11 13:00:00,79.358
2026-12-11 14:00:00,70.831
2026-12-11 15:00:00,76.069
2026-12-11 16:00:00,66.065
2026-12-11 17:00:00,60.757
2026-12-11 18:00:00,53.032
2026-12-11 19:00:00,51.484
2026-12-11 20:00:00,51.642
2026-12-11 21:00:00,46.077
2026-12-11 22:00:00,41.497
2026-12-11 23:00:00,45.28
2026-12-12 00:00:00,27.141
2026-12-12 01:00:00,29.506
2026-12-12 02:00:00,28.8
2026-12-12 03:00:00,23.752
2026-12-12 04:00:00,26.776
2026-12-12 05:00:00,30.185
2026-12-12 06:00:00,30.118
2026-12-12 07:00:00,29.909
2026-12-12 08:00:00,32.699
2026-12-12 09:00:00,35.114
2026-12-12 10:00:00,43.315
2026-12-12 11:00:00,52.511
2026-12-12 12:00:00,52.799
2026-12-12 13:00:00,57.417
2026-12-12 14:00:00,54.042
2026-12-12 15:00:00,52.085
2026-12-12 16:00:00,50.315
2026-12-12 17:00:00,42.871
2026-12-12 18:00:00,37.453
2026-12-12 19:00:00,35.221
2026-12-12 20:00:00,32.064
2026-12-12 21:00:00,28.132
2026-12-12 22:00:00,27.174
2026-12-12 23:00:00,28.044
2026-12-13 00:00:00,28.724
2026-12-13 01:00:00,28.71
2026-12-13 02:00:00,25.712
2026-12-13 03:00:00,30.513
2026-12-13 04:00:00,27.288
2026-12-13 05:00:00,28.442
2026-12-13 06:00:00,28.542
2026-12-13 07:00:00,35.776
2026-12-13 08:00:00,34.177
2026-12-13 09:00:00,37.041
2026-12-13 10:00:00,45.195
2026-12-13 11:00:00,49.47
2026-12-13 12:00:00,50.61
2026-12-13 13:00:00,54.395
2026-12-13 14:00:00,50.276
2026-12-13 15:00:00,48.878
2026-12-13 16:00:00,42.449
2026-12-13 17:00:00,39.764
2026-12-13 18:00:00,40.821
2026-12-13 19:00:00,36.181
2026-12-13 20:00:00,29.989
2026-12-13 21:00:00,31.22
2026-12-13 22:00:00,27.966
2026-12-13 23:00:00,27.512
2026-12-14 00:00:00,42.547
2026-12-14 01:00:00,42.209
2026-12-14 02:00:00,42.132
2026-12-14 03:00:00,45.297
2026-12-14 04:00:00,43.697
2026-12-14 05:00:00,45.924
2026-12-14 06:00:00,48.358
2026-12-14 07:00:00,49.438
2026-12-14 08:00:00,49.431
2026-12-14 09:00:00,54.461
2026-12-14 10:00:00,65.205
2026-12-14 11:00:00,70.009
2026-12-14 12:00:00,75.065
2026-12-14 13:00:00,76.572
2026-12-14 14:00:00,84.604
2026-12-14 15:00:00,68.318
2026-12-14 16:00:00,61.637
2026-12-14 17:00:00,62.783
2026-12-14 18:00:00,54.974
2026-12-14 19:00:00,51.334
2026-12-14 20:00:00,47.329
2026-12-14 21:00:00,47.191
2026-12-14 22:00:00,40.103
2026-12-14 23:00:00,41.655
2026-12-15 00:00:00,43.336
2026-12-15 01:00:00,44.11
2026-12-15 02:00:00,47.261
2026-12-15 03:00:00,44.895
2026-12-15 04:00:00,43.248
2026-12-15 05:00:00,42.37
2026-12-15 06:00:00,44.689
2026-12-15 07:00:00,47.06
2026-12-15 08:00:00,53.654
2026-12-15 09:00:00,58.985
2026-12-15 10:00:00,60.732
2026-12-15 11:00:00,69.15
2026-12-15 12:00:00,77.745
2026-12-15 13:00:00,77.839
2026-12-15 14:00:00,77.769
2026-12-15 15:00:00,73.878
2026-12-15 16:00:00,72.622
2026-12-15 17:00:00,62.512
2026-12-15 18:00:00,54.949
2026-12-15 19:00:00,48.347
2026-12-15 20:00:00,46.56
2026-12-15 21:00:00,38.933
2026-12-15 22:00:00,42.972
2026-12-15 23:00:00,42.406
2026-12-16 00:00:00,39.532
2026-12-16 01:00:00,40.503
2026-12-16 02:00:00,44.314
2026-12-16 03:00:00,43.342
2026-12-16 04:00:00,43.592
2026-12-16 05:00:00,45.024
2026-12-16 06:00:00,46.199
2026-12-16 07:00:00,51.51
2026-12-16 08:00:00,52.272
2026-12-16 09:00:00,54.165
2026-12-16 10:00:00,69.705
2026-12-16 11:00:00,71.767
2026-12-16 12:00:00,72.77
2026-12-16 13:00:00,72.309
2026-12-16 14:00:00,77.183
2026-12-16 15:00:00,72.255
2026-12-16 16:00:00,72.463
2026-12-16 17:00:00,60.877
2026-12-16 18:00:00,53.777
2026-12-16 19:00:00,52.739
2026-12-16 20:00:00,48.114
2026-12-16 21:00:00,44.718
2026-12-16 22:00:00,44.838
2026-12-16 23:00:00,42.767
2026-12-17 00:00:00,42.923
2026-12-17 01:00:00,44.948
2026-12-17 02:00:00,43.921
2026-12-17 03:00:00,42.485
2026-12-17 04:00:00,46.304
2026-12-17 05:00:00,39.101
2026-12-17 06:00:00,50.705
2026-12-17 07:00:00,44.36
2026-12-17 08:00:00,50.323
2026-12-17 09:00:00,58.148
2026-12-17 10:00:00,64.308
2026-12-17 11:00:00,73.831
2026-12-17 12:00:00,71.18
2026-12-17 13:00:00,77.526
2026-12-17 14:00:00,73.879
2026-12-17 15:00:00,73.593
2026-12-17 16:00:00,67.485
2026-12-17 17:00:00,62.11
2026-12-17 18:00:00,54.523
2026-12-17 19:00:00,49.33
2026-12-17 20:00:00,46.647
2026-12-17 21:00:00,46.437
2026-12-17 22:00:00,42.074
2026-12-17 23:00:00,40.986
2026-12-18 00:00:00,43.728
2026-12-18 01:00:00,42.405
2026-12-18 02:00:00,44.358
2026-12-18 03:00:00,40.907
2026-12-18 04:00:00,39.513
2026-12-18 05:00:00,43.163
2026-12-18 06:00:00,44.224
2026-12-18 07:00:00,48.306
2026-12-18 08:00:00,50.298
2026-12-18 09:00:00,60.344
2026-12-18 10:00:00,63.878
2026-12-18 11:00:00,71.053
2026-12-18 12:00:00,75.303
2026-12-18 13:00:00,77.299
2026-12-18 14:00:00,75.758
2026-12-18 15:00:00,74.293
2026-12-18 16:00:00,65.264
2026-12-18 17:00:00,65.781
2026-12-18 18:00:00,55.337
2026-12-18 19:00:00,47.387
2026-12-18 20:00:00,46.419
2026-12-18 21:00:00,42.457
2026-12-18 22:00:00,44.814
2026-12-18 23:00:00,47.581
2026-12-19 00:00:00,26.493
2026-12-19 01:00:00,28.067
2026-12-19 02:00:00,25.253
2026-12-19 03:00:00,28.483
2026-12-19 04:00:00,26.943
2026-12-19 05:00:00,27.923
2026-12-19 06:00:00,28.245
2026-12-19 07:00:00,32.677
2026-12-19 08:00:00,35.469
2026-12-19 09:00:00,38.638
2026-12-19 10:00:00,41.783
2026-12-19 11:00:00,51.2
2026-12-19 12:00:00,49.37
2026-12-19 13:00:00,47.671
2026-12-19 14:00:00,53.107
2026-12-19 15:00:00,47.587
2026-12-19 16:00:00,48.37
2026-12-19 17:00:00,41.486
2026-12-19 18:00:00,38.788
2026-12-19 19:00:00,35.802
2026-12-19 20:00:00,28.084
2026-12-19 21:00:00,28.008
2026-12-19 22:00:00,28.085
2026-12-19 23:00:00,29.992
2026-12-20 00:00:00,26.67
2026-12-20 01:00:00,26.788
2026-12-20 02:00:00,28.345
2026-12-20 03:00:00,27.047
2026-12-20 04:00:00,28.406
2026-12-20 05:00:00,26.588
2026-12-20 06:00:00,33.201
2026-12-20 07:00:00,29.399
2026-12-20 08:00:00,33.225
2026-12-20 09:00:00,38.536
2026-12-20 10:00:00,47.266
2026-12-20 11:00:00,45.052
2026-12-20 12:00:00,55.398
2026-12-20 13:00:00,54.208
2026-12-20 14:00:00,53.016
2026-12-20 15:00:00,47.841
2026-12-20 16:00:00,47.545
2026-12-20 17:00:00,40.86
2026-12-20 18:00:00,39.907
2026-12-20 19:00:00,32.063
2026-12-20 20:00:00,29.722
2026-12-20 21:00:00,28.024
2026-12-20 22:00:00,26.799
2026-12-20 23:00:00,28.883
2026-12-21 00:00:00,43.563
2026-12-21 01:00:00,45.042
2026-12-21 02:00:00,38.8
2026-12-21 03:00:00,45.127
2026-12-21 04:00:00,48.805
2026-12-21 05:00:00,43.343
2026-12-21 06:00:00,50.344
2026-12-21 07:00:00,47.859
2026-12-21 08:00:00,48.387
2026-12-21 09:00:00,57.404
2026-12-21 10:00:00,67.937
2026-12-21 11:00:00,67.845
2026-12-21 12:00:00,72.732
2026-12-21 13:00:00,78.672
2026-12-21 14:00:00,75.851
2026-12-21 15:00:00,74.533
2026-12-21 16:00:00,68.404
2026-12-21 17:00:00,63.196
2026-12-21 18:00:00,54.829
2026-12-21 19:00:00,51.129
2026-12-21 20:00:00,43.854
2026-12-21 21:00:00,47.201
2026-12-21 22:00:00,41.996
2026-12-21 23:00:00,45.266
2026-12-22 00:00:00,41.931
2026-12-22 01:00:00,42.903
2026-12-22 02:00:00,41.536
2026-12-22 03:00:00,40.671
2026-12-22 04:00:00,39.588
2026-12-22 05:00:00,42.004
2026-12-22 06:00:00,45.242
2026-12-22 07:00:00,49.011
2026-12-22 08:00:00,54.576
2026-12-22 09:00:00,57.01
2026-12-22 10:00:00,62.074
2026-12-22 11:00:00,65.883
2026-12-22 12:00:00,76.397
2026-12-22 13:00:00,81.393
2026-12-22 14:00:00,80.136
2026-12-22 15:00:00,74.94
2026-12-22 16:00:00,69.621
2026-12-22 17:00:00,66.618
2026-12-22 18:00:00,56.814
2026-12-22 19:00:00,52.134
2026-12-22 20:00:00,45.249
2026-12-22 21:00:00,41.324
2026-12-22 22:00:00,41.888
2026-12-22 23:00:00,42.828
2026-12-23 00:00:00,42.556
2026-12-23 01:00:00,46.565
2026-12-23 02:00:00,42.763
2026-12-23 03:00:00,45.373
2026-12-23 04:00:00,42.428
2026-12-23 05:00:00,43.653
2026-12-23 06:00:00,42.931
2026-12-23 07:00:00,46.697
2026-12-23 08:00:00,53.321
2026-12-23 09:00:00,58.284
2026-12-23 10:00:00,67.617
2026-12-23 11:00:00,71.153
2026-12-23 12:00:00,73.573
2026-12-23 13:00:00,84.028
2026-12-23 14:00:00,75.522
2026-12-23 15:00:00,76.41
2026-12-23 16:00:00,66.463
2026-12-23 17:00:00,63.842
2026-12-23 18:00:00,58.362
2026-12-23 19:00:00,51.073
2026-12-23 20:00:00,40.573
2026-12-23 21:00:00,44.385
2026-12-23 22:00:00,46.04
2026-12-23 23:00:00,43.977
2026-12-24 00:00:00,43.373
2026-12-24 01:00:00,38.817
2026-12-24 02:00:00,41.056
2026-12-24 03:00:00,43.729
2026-12-24 04:00:00,44.261
2026-12-24 05:00:00,47.037
2026-12-24 06:00:00,45.653
2026-12-24 07:00:00,49.481
2026-12-24 08:00:00,51.994
2026-12-24 09:00:00,55.49
2026-12-24 10:00:00,57.901
2026-12-24 11:00:00,71.964
2026-12-24 12:00:00,75.358
2026-12-24 13:00:00,74.498
2026-12-24 14:00:00,70.348
2026-12-24 15:00:00,74.679
2026-12-24 16:00:00,66.874
2026-12-24 17:00:00,63.413
2026-12-24 18:00:00,60.794
2026-12-24 19:00:00,45.375
2026-12-24 20:00:00,44.378
2026-12-24 21:00:00,43.88
2026-12-24 22:00:00,46.526
2026-12-24 23:00:00,39.342
2026-12-25 00:00:00,46.533
2026-12-25 01:00:00,42.763
2026-12-25 02:00:00,42.385
2026-12-25 03:00:00,42.423
2026-12-25 04:00:00,42.425
2026-12-25 05:00:00,46.668
2026-12-25 06:00:00,43.53
2026-12-25 07:00:00,49.334
2026-12-25 08:00:00,50.954
2026-12-25 09:00:00,56.121
2026-12-25 10:00:00,72.608
2026-12-25 11:00:00,71.925
2026-12-25 12:00:00,76.849
2026-12-25 13:00:00,80.547
2026-12-25 14:00:00,71.019
2026-12-25 15:00:00,78.323
2026-12-25 16:00:00,60.06
2026-12-25 17:00:00,59.689
2026-12-25 18:00:00,54.759
2026-12-25 19:00:00,51.978
2026-12-25 20:00:00,46.489
2026-12-25 21:00:00,43.974
2026-12-25 22:00:00,43.345
2026-12-25 23:00:00,40.752
2026-12-26 00:00:00,25.513
2026-12-26 01:00:00,28.611
2026-12-26 02:00:00,28.644
2026-12-26 03:00:00,30.057
2026-12-26 04:00:00,27.078
2026-12-26 05:00:00,29.822
2026-12-26 06:00:00,29.467
2026-12-26 07:00:00,33.399
2026-12-26 08:00:00,35.494
2026-12-26 09:00:00,38.981
2026-12-26 10:00:00,42.819
2026-12-26 11:00:00,49.874
2026-12-26 12:00:00,52.451
2026-12-26 13:00:00,50.98
2026-12-26 14:00:00,49.169
2026-12-26 15:00:00,49.309
2026-12-26 16:00:00,49.41
2026-12-26 17:00:00,44.275
2026-12-26 18:00:00,35.891
2026-12-26 19:00:00,31.753
2026-12-26 20:00:00,31.796
2026-12-26 21:00:00,27.187
2026-12-26 22:00:00,28.909
2026-12-26 23:00:00,26.993
2026-12-27 00:00:00,29.807
2026-12-27 01:00:00,26.545
2026-12-27 02:00:00,29.266
2026-12-27 03:00:00,28.108
2026-12-27 04:00:00,28.547
2026-12-27 05:00:00,25.984
2026-12-27 06:00:00,26.599
2026-12-27 07:00:00,31.175
2026-12-27 08:00:00,34.186
2026-12-27 09:00:00,36.54
2026-12-27 10:00:00,41.34
2026-12-27 11:00:00,49.032
2026-12-27 12:00:00,52.265
2026-12-27 13:00:00,52.204
2026-12-27 14:00:00,53.816
2026-12-27 15:00:00,47.441
2026-12-27 16:00:00,45.715
2026-12-27 17:00:00,45.191
2026-12-27 18:00:00,37.884
2026-12-27 19:00:00,33.793
2026-12-27 20:00:00,33.338
2026-12-27 21:00:00,26.807
2026-12-27 22:00:00,29.314
2026-12-27 23:00:00,30.168
2026-12-28 00:00:00,41.738
2026-12-28 01:00:00,44.3
2026-12-28 02:00:00,40.499
2026-12-28 03:00:00,41.376
2026-12-28 04:00:00,44.206
2026-12-28 05:00:00,46.115
2026-12-28 06:00:00,48.564
2026-12-28 07:00:00,52.303
2026-12-28 08:00:00,51.777
2026-12-28 09:00:00,61.616
2026-12-28 10:00:00,63.713
2026-12-28 11:00:00,73.493
2026-12-28 12:00:00,75.472
2026-12-28 13:00:00,78.163
2026-12-28 14:00:00,77.277
2026-12-28 15:00:00,67.428
2026-12-28 16:00:00,64.267
2026-12-28 17:00:00,62.137
2026-12-28 18:00:00,51.569
2026-12-28 19:00:00,52.583
2026-12-28 20:00:00,47.99
2026-12-28 21:00:00,45.07
2026-12-28 22:00:00,40.94
2026-12-28 23:00:00,45.804
2026-12-29 00:00:00,46.748
2026-12-29 01:00:00,42.787
2026-12-29 02:00:00,43.677
2026-12-29 03:00:00,43.28
2026-12-29 04:00:00,44.522
2026-12-29 05:00:00,44.079
2026-12-29 06:00:00,45.907
2026-12-29 07:00:00,50.693
2026-12-29 08:00:00,58.045
2026-12-29 09:00:00,54.329
2026-12-29 10:00:00,64.438
2026-12-29 11:00:00,66.734
2026-12-29 12:00:00,80.169
2026-12-29 13:00:00,74.603
2026-12-29 14:00:00,70.945
2026-12-29 15:00:00,74.707
2026-12-29 16:00:00,72.98
2026-12-29 17:00:00,63.713
2026-12-29 18:00:00,56.484
2026-12-29 19:00:00,51.559
2026-12-29 20:00:00,49.24
2026-12-29 21:00:00,42.406
2026-12-29 22:00:00,43.129
2026-12-29 23:00:00,41.877
2026-12-30 00:00:00,39.949
2026-12-30 01:00:00,41.777
2026-12-30 02:00:00,44.949
2026-12-30 03:00:00,44.061
2026-12-30 04:00:00,44.769
2026-12-30 05:00:00,44.669
2026-12-30 06:00:00,47.19
2026-12-30 07:00:00,46.555
2026-12-30 08:00:00,51.148
2026-12-30 09:00:00,58.802
2026-12-30 10:00:00,65.596
2026-12-30 11:00:00,71.604
2026-12-30 12:00:00,74.299
2026-12-30 13:00:00,75.327
2026-12-30 14:00:00,86.551
2026-12-30 15:00:00,75.578
2026-12-30 16:00:00,68.936
2026-12-30 17:00:00,61.194
2026-12-30 18:00:00,54.78
2026-12-30 19:00:00,50.25
2026-12-30 20:00:00,46.66
2026-12-30 21:00:00,40.175
2026-12-30 22:00:00,39.968
2026-12-30 23:00:00,41.483
2026-12-31 00:00:00,42.866
2026-12-31 01:00:00,41.966
2026-12-31 02:00:00,45.737
2026-12-31 03:00:00,39.671
2026-12-31 04:00:00,41.742
2026-12-31 05:00:00,47.715
2026-12-31 06:00:00,46.288
2026-12-31 07:00:00,50.642
2026-12-31 08:00:00,57.28
2026-12-31 09:00:00,56.313
2026-12-31 10:00:00,64.451
2026-12-31 11:00:00,69.681
2026-12-31 12:00:00,68.138
2026-12-31 13:00:00,75.558
2026-12-31 14:00:00,78.829
2026-12-31 15:00:00,74.39
2026-12-31 16:00:00,69.562
2026-12-31 17:00:00,60.794
2026-12-31 18:00:00,54.248
2026-12-31 19:00:00,53.645
2026-12-31 20:00:00,44.843
2026-12-31 21:00:00,44.996
2026-12-31 22:00:00,43.726
2026-12-31 23:00:00,45.979
